method,transition,query_count,target_valid_availability,target_valid_availability_numerator,target_valid_availability_denominator,target_valid_availability_ci95_low,target_valid_availability_ci95_high,constraint_feasible_availability,constraint_feasible_availability_numerator,constraint_feasible_availability_denominator,constraint_feasible_availability_ci95_low,constraint_feasible_availability_ci95_high,off_target_rate,off_target_numerator,off_target_denominator,exposed_cf_target_validity,exposed_cf_target_validity_numerator,exposed_cf_target_validity_denominator,exposed_cf_constraint_satisfaction,exposed_cf_constraint_satisfaction_numerator,exposed_cf_constraint_satisfaction_denominator,median_latency_ms,p95_latency_ms,timeout_count,setup_ms,effective_compute_cost_ms_per_feasible_cf,model_prediction_calls,model_prediction_rows
DiCE-genetic,dropout_to_enrolled,4,0.0,0,4,0.0,0.4898908364545973,0.0,0,4,0.0,0.4898908364545973,0.0,0,11279,,0,0,,0,0,60002.39258149941,60023.83396735113,3,16.10628600064956,,12103,31549
DiCE-kdtree,dropout_to_enrolled,4,1.0,4,4,0.5101091635454027,1.0,0.0,0,4,0.0,0.4898908364545973,0.0,0,50,,0,0,,0,0,397.3345574995619,479.4745277506081,0,9.453502998439944,,12,12392
DiCE-genetic,dropout_to_graduate,4,0.25,1,4,0.04558726080970055,0.6993581574175981,0.25,1,4,0.04558726080970055,0.6993581574175981,0.009972444561081224,76,7621,1.0,4,4,1.0,4,4,40811.98836499971,60020.63817100079,2,9.962759999325499,35767.90692174973,8254,28553
DiCE-kdtree,dropout_to_graduate,4,1.0,4,4,0.5101091635454027,1.0,0.0,0,4,0.0,0.4898908364545973,0.0,0,50,,0,0,,0,0,399.8681144994407,426.3281651997204,0,9.371661999466596,,12,12392
DiCE-genetic,enrolled_to_dropout,3,0.6666666666666666,2,3,0.2076596008020477,0.9385080552796037,0.6666666666666666,2,3,0.2076596008020477,0.9385080552796037,0.0067064083457526085,27,4026,1.0,10,10,1.0,10,10,2562.3717849994136,54274.42530369989,1,9.398698999575572,6447.424512299949,3752,13538
DiCE-kdtree,enrolled_to_dropout,3,1.0,3,3,0.4385029682449546,1.0,0.0,0,3,5.551115123125783e-17,0.5614970317550454,0.0,0,37,,0,0,,0,0,392.9808659995615,407.32352699906187,0,9.400878001542878,,9,9294
DiCE-genetic,enrolled_to_graduate,3,0.6666666666666666,2,3,0.2076596008020477,0.9385080552796037,0.3333333333333333,1,3,0.06149194472039621,0.7923403991979522,0.10867198838896952,599,5512,,0,0,,0,0,25317.50860700049,56547.533717000806,1,9.615634000510909,,5188,15012
DiCE-kdtree,enrolled_to_graduate,3,1.0,3,3,0.4385029682449546,1.0,0.0,0,3,5.551115123125783e-17,0.5614970317550454,0.0,0,34,,0,0,,0,0,393.8815319997957,410.14304969958175,0,9.613165999326156,,9,9294
DiCE-genetic,graduate_to_dropout,3,0.3333333333333333,1,3,0.06149194472039621,0.7923403991979522,0.3333333333333333,1,3,0.06149194472039621,0.7923403991979522,0.00241578311636022,18,7451,1.0,5,5,1.0,5,5,60002.15638699956,60002.18670529939,2,9.739843000716064,24795.22113899984,7305,16858
DiCE-kdtree,graduate_to_dropout,3,1.0,3,3,0.4385029682449546,1.0,0.0,0,3,5.551115123125783e-17,0.5614970317550454,0.0,0,62,,0,0,,0,0,556.3044959999388,571.0822736993578,0,9.788219000256504,,9,9294
DiCE-genetic,graduate_to_enrolled,3,0.0,0,3,5.551115123125783e-17,0.5614970317550454,0.0,0,3,5.551115123125783e-17,0.5614970317550454,0.15530233412975555,1690,10882,,0,0,,0,0,60002.08732399915,60002.17869560038,3,10.481354000148713,,10894,20179
DiCE-kdtree,graduate_to_enrolled,3,1.0,3,3,0.4385029682449546,1.0,0.0,0,3,5.551115123125783e-17,0.5614970317550454,0.0,0,41,,0,0,,0,0,459.9635920003493,481.0436566001954,0,9.988823001549463,,9,9294
