stage,cohort,method,constraint_regime,seed,reference_size,reference_rows,reference_students,candidate_generation_reference_rows,desired_class_search_rows,neighbor_backend_policy,mi_strategy,mi_pair_sha256,mi_estimator_calls,mi_seconds,retained_mi_pairs,setup_seconds,setup_error,mi_shared_between_ff2_ff3
primary,paired_207,UFCE-FF2,MODERATE,0,10k,10007,857,10007,7648,exact_all_rows_if_conservative_radius_bound_proves_superset_else_kdtree,ALL_FEATURE_TOP5,a07c8576967ef0e1e3a170187c5ae5980bc1c4cec2f4eeb1b2ae91785ffaff5d,3240,108.50640060499971,5,1.865499871200882e-05,,True
primary,paired_207,UFCE-FF3,MODERATE,0,10k,10007,857,10007,7648,exact_all_rows_if_conservative_radius_bound_proves_superset_else_kdtree,ALL_FEATURE_TOP5,a07c8576967ef0e1e3a170187c5ae5980bc1c4cec2f4eeb1b2ae91785ffaff5d,3240,108.50640060499971,5,1.41059972520452e-05,,True
primary,paired_207,UFCE-FF2,MODERATE,0,10k,10007,857,10007,7648,exact_all_rows_if_conservative_radius_bound_proves_superset_else_kdtree,DIGITAL_PAIRS_PLUS_CATEGORY,980eed7b77ee7488f4f295c5d220cacf7f69de185578f32a79fa965d44539f67,406,13.71483013100078,105,0.0002143560013792012,,True
primary,paired_207,UFCE-FF3,MODERATE,0,10k,10007,857,10007,7648,exact_all_rows_if_conservative_radius_bound_proves_superset_else_kdtree,DIGITAL_PAIRS_PLUS_CATEGORY,980eed7b77ee7488f4f295c5d220cacf7f69de185578f32a79fa965d44539f67,406,13.71483013100078,105,4.631599949789234e-05,,True
primary,paired_207,UFCE-FF1,MODERATE,0,10k,10007,857,10007,7648,exact_all_rows_if_conservative_radius_bound_proves_superset_else_kdtree,SHARED_FF1,no_mi_ff1,0,0.0,0,2.4086288969992893,,False
primary,paired_207,UFCE-FF2,MODERATE,0,full_train,325483,27554,325483,254490,exact_all_rows_if_conservative_radius_bound_proves_superset_else_kdtree,ALL_FEATURE_TOP5,a07c8576967ef0e1e3a170187c5ae5980bc1c4cec2f4eeb1b2ae91785ffaff5d,3240,108.50640060499971,5,3.74690025637392e-05,,True
primary,paired_207,UFCE-FF3,MODERATE,0,full_train,325483,27554,325483,254490,exact_all_rows_if_conservative_radius_bound_proves_superset_else_kdtree,ALL_FEATURE_TOP5,a07c8576967ef0e1e3a170187c5ae5980bc1c4cec2f4eeb1b2ae91785ffaff5d,3240,108.50640060499971,5,2.9260001610964533e-05,,True
primary,paired_207,UFCE-FF2,MODERATE,0,full_train,325483,27554,325483,254490,exact_all_rows_if_conservative_radius_bound_proves_superset_else_kdtree,DIGITAL_PAIRS_PLUS_CATEGORY,980eed7b77ee7488f4f295c5d220cacf7f69de185578f32a79fa965d44539f67,406,13.71483013100078,105,4.363499829196371e-05,,True
primary,paired_207,UFCE-FF3,MODERATE,0,full_train,325483,27554,325483,254490,exact_all_rows_if_conservative_radius_bound_proves_superset_else_kdtree,DIGITAL_PAIRS_PLUS_CATEGORY,980eed7b77ee7488f4f295c5d220cacf7f69de185578f32a79fa965d44539f67,406,13.71483013100078,105,6.648599810432643e-05,,True
primary,paired_207,UFCE-FF1,MODERATE,0,full_train,325483,27554,325483,254490,exact_all_rows_if_conservative_radius_bound_proves_superset_else_kdtree,SHARED_FF1,no_mi_ff1,0,0.0,0,0.02989644700210192,,False
supplemental_tp,supplemental_tp,UFCE-FF2,MODERATE,0,10k,10007,857,10007,7648,exact_all_rows_if_conservative_radius_bound_proves_superset_else_kdtree,ALL_FEATURE_TOP5,a07c8576967ef0e1e3a170187c5ae5980bc1c4cec2f4eeb1b2ae91785ffaff5d,3240,108.50640060499971,5,1.6204998246394098e-05,,True
supplemental_tp,supplemental_tp,UFCE-FF3,MODERATE,0,10k,10007,857,10007,7648,exact_all_rows_if_conservative_radius_bound_proves_superset_else_kdtree,ALL_FEATURE_TOP5,a07c8576967ef0e1e3a170187c5ae5980bc1c4cec2f4eeb1b2ae91785ffaff5d,3240,108.50640060499971,5,1.4242999895941464e-05,,True
supplemental_tp,supplemental_tp,UFCE-FF2,MODERATE,0,10k,10007,857,10007,7648,exact_all_rows_if_conservative_radius_bound_proves_superset_else_kdtree,DIGITAL_PAIRS_PLUS_CATEGORY,980eed7b77ee7488f4f295c5d220cacf7f69de185578f32a79fa965d44539f67,406,13.71483013100078,105,8.981700011645444e-05,,True
supplemental_tp,supplemental_tp,UFCE-FF3,MODERATE,0,10k,10007,857,10007,7648,exact_all_rows_if_conservative_radius_bound_proves_superset_else_kdtree,DIGITAL_PAIRS_PLUS_CATEGORY,980eed7b77ee7488f4f295c5d220cacf7f69de185578f32a79fa965d44539f67,406,13.71483013100078,105,4.354799966677092e-05,,True
supplemental_tp,supplemental_tp,UFCE-FF1,MODERATE,0,10k,10007,857,10007,7648,exact_all_rows_if_conservative_radius_bound_proves_superset_else_kdtree,SHARED_FF1,no_mi_ff1,0,0.0,0,2.349103444998036,,False
supplemental_tp,supplemental_tp,UFCE-FF2,MODERATE,0,full_train,325483,27554,325483,254490,exact_all_rows_if_conservative_radius_bound_proves_superset_else_kdtree,ALL_FEATURE_TOP5,a07c8576967ef0e1e3a170187c5ae5980bc1c4cec2f4eeb1b2ae91785ffaff5d,3240,108.50640060499971,5,3.625599856604822e-05,,True
supplemental_tp,supplemental_tp,UFCE-FF3,MODERATE,0,full_train,325483,27554,325483,254490,exact_all_rows_if_conservative_radius_bound_proves_superset_else_kdtree,ALL_FEATURE_TOP5,a07c8576967ef0e1e3a170187c5ae5980bc1c4cec2f4eeb1b2ae91785ffaff5d,3240,108.50640060499971,5,3.006000042660162e-05,,True
supplemental_tp,supplemental_tp,UFCE-FF2,MODERATE,0,full_train,325483,27554,325483,254490,exact_all_rows_if_conservative_radius_bound_proves_superset_else_kdtree,DIGITAL_PAIRS_PLUS_CATEGORY,980eed7b77ee7488f4f295c5d220cacf7f69de185578f32a79fa965d44539f67,406,13.71483013100078,105,0.00013114700050209652,,True
supplemental_tp,supplemental_tp,UFCE-FF3,MODERATE,0,full_train,325483,27554,325483,254490,exact_all_rows_if_conservative_radius_bound_proves_superset_else_kdtree,DIGITAL_PAIRS_PLUS_CATEGORY,980eed7b77ee7488f4f295c5d220cacf7f69de185578f32a79fa965d44539f67,406,13.71483013100078,105,6.153499998617917e-05,,True
supplemental_tp,supplemental_tp,UFCE-FF1,MODERATE,0,full_train,325483,27554,325483,254490,exact_all_rows_if_conservative_radius_bound_proves_superset_else_kdtree,SHARED_FF1,no_mi_ff1,0,0.0,0,0.03721316100200056,,False
