cohort,reference_size,mi_strategy,method,eligible_queries,queries_with_valid_category_change,valid_category_change_availability,queries_with_feasible_category_change,feasible_category_change_availability,tc_to_tp_valid_candidates,tp_to_tc_valid_candidates,tc_to_tp_feasible_candidates,tp_to_tc_feasible_candidates
paired_207,10k,ALL_FEATURE_TOP5,UFCE-FF2,207,0,0.0,0,0.0,0,0,0,0
paired_207,10k,ALL_FEATURE_TOP5,UFCE-FF3,207,0,0.0,0,0.0,0,0,0,0
paired_207,10k,DIGITAL_PAIRS_PLUS_CATEGORY,UFCE-FF2,207,1,0.004830917874396135,0,0.0,0,1,0,0
paired_207,10k,DIGITAL_PAIRS_PLUS_CATEGORY,UFCE-FF3,207,1,0.004830917874396135,0,0.0,0,1,0,0
paired_207,10k,SHARED_FF1,UFCE-FF1,207,6,0.028985507246376812,6,0.028985507246376812,0,6,0,6
paired_207,full_train,ALL_FEATURE_TOP5,UFCE-FF2,207,0,0.0,0,0.0,0,0,0,0
paired_207,full_train,ALL_FEATURE_TOP5,UFCE-FF3,207,0,0.0,0,0.0,0,0,0,0
paired_207,full_train,DIGITAL_PAIRS_PLUS_CATEGORY,UFCE-FF2,207,1,0.004830917874396135,0,0.0,0,1,0,0
paired_207,full_train,DIGITAL_PAIRS_PLUS_CATEGORY,UFCE-FF3,207,1,0.004830917874396135,0,0.0,0,1,0,0
paired_207,full_train,SHARED_FF1,UFCE-FF1,207,6,0.028985507246376812,6,0.028985507246376812,0,6,0,6
supplemental_tp,10k,ALL_FEATURE_TOP5,UFCE-FF2,100,0,0.0,0,0.0,0,0,0,0
supplemental_tp,10k,ALL_FEATURE_TOP5,UFCE-FF3,100,0,0.0,0,0.0,0,0,0,0
supplemental_tp,10k,DIGITAL_PAIRS_PLUS_CATEGORY,UFCE-FF2,100,11,0.11,1,0.01,0,11,0,1
supplemental_tp,10k,DIGITAL_PAIRS_PLUS_CATEGORY,UFCE-FF3,100,15,0.15,5,0.05,0,15,0,5
supplemental_tp,10k,SHARED_FF1,UFCE-FF1,100,36,0.36,36,0.36,0,36,0,36
supplemental_tp,full_train,ALL_FEATURE_TOP5,UFCE-FF2,100,0,0.0,0,0.0,0,0,0,0
supplemental_tp,full_train,ALL_FEATURE_TOP5,UFCE-FF3,100,0,0.0,0,0.0,0,0,0,0
supplemental_tp,full_train,DIGITAL_PAIRS_PLUS_CATEGORY,UFCE-FF2,100,11,0.11,1,0.01,0,11,0,1
supplemental_tp,full_train,DIGITAL_PAIRS_PLUS_CATEGORY,UFCE-FF3,100,15,0.15,5,0.05,0,15,0,5
supplemental_tp,full_train,SHARED_FF1,UFCE-FF1,100,36,0.36,36,0.36,0,36,0,36
