method,constraint_regime,seed,n_queries,median_latency_ms,p95_latency_ms,mean_latency_ms,effective_compute_cost_per_feasible_query_ms,eccf_reason,median_candidate_count,p95_candidate_count,status_counts,exposed_cf_validity_rate,exposed_cf_validity_numerator,exposed_cf_validity_denominator,exposed_cf_validity_ci_low,exposed_cf_validity_ci_high,constraint_satisfaction_rate,constraint_satisfaction_numerator,constraint_satisfaction_denominator,constraint_satisfaction_ci_low,constraint_satisfaction_ci_high,valid_cf_availability_rate,valid_cf_availability_numerator,valid_cf_availability_denominator,valid_cf_availability_ci_low,valid_cf_availability_ci_high,feasible_cf_availability_rate,feasible_cf_availability_numerator,feasible_cf_availability_denominator,feasible_cf_availability_ci_low,feasible_cf_availability_ci_high,runtime_error,timeout,unsupported,no_returned_cf,returned_non_flipping_cf,success_valid_constraint_failed,success_valid_feasible,status_rate_sum,timeout_rate,runtime_error_rate,constraint_blocked_rate,no_returned_cf_rate,no_valid_cf_rate,cohort,reference_size,mi_strategy
UFCE-FF2,MODERATE,0,207,124.50341400108299,629.405266201138,217.84336561354547,11273.394170500978,,0.0,0.0,"{'NO_RETURNED_CF': 203, 'SUCCESS_VALID_FEASIBLE': 4}",1.0,4,4,0.5101091635454027,1.0,1.0,4,4,0.5101091635454027,1.0,0.01932367149758454,4,207,0.007539626042567513,0.04862323152314709,0.01932367149758454,4,207,0.007539626042567513,0.04862323152314709,0.0,0.0,0.0,0.9806763285024155,0.0,0.0,0.01932367149758454,1.0,0.0,0.0,0.0,0.9806763285024155,0.9806763285024155,paired_207,10k,ALL_FEATURE_TOP5
UFCE-FF3,MODERATE,0,207,125.57446000209892,595.6005913994882,199.99378221274713,10349.678229509664,,0.0,0.0,"{'NO_RETURNED_CF': 203, 'SUCCESS_VALID_FEASIBLE': 4}",1.0,4,4,0.5101091635454027,1.0,1.0,4,4,0.5101091635454027,1.0,0.01932367149758454,4,207,0.007539626042567513,0.04862323152314709,0.01932367149758454,4,207,0.007539626042567513,0.04862323152314709,0.0,0.0,0.0,0.9806763285024155,0.0,0.0,0.01932367149758454,1.0,0.0,0.0,0.0,0.9806763285024155,0.9806763285024155,paired_207,10k,ALL_FEATURE_TOP5
UFCE-FF2,MODERATE,0,207,134.05541999964043,14833.438185197885,3010.404087309172,124630.72921459973,,0.0,0.0,"{'NO_RETURNED_CF': 201, 'SUCCESS_VALID_FEASIBLE': 5, 'SUCCESS_VALID_CONSTRAINT_FAILED': 1}",1.0,6,6,0.6096657120978346,1.0,0.8333333333333334,5,6,0.43649717781352987,0.9699466302516935,0.028985507246376812,6,207,0.013350613023979937,0.06178384539468512,0.024154589371980676,5,207,0.010360523917063744,0.05528813407512609,0.0,0.0,0.0,0.9710144927536232,0.0,0.004830917874396135,0.024154589371980676,1.0,0.0,0.0,0.004830917874396135,0.9710144927536232,0.9710144927536232,paired_207,10k,DIGITAL_PAIRS_PLUS_CATEGORY
UFCE-FF3,MODERATE,0,207,133.2196980001754,8203.36961109897,1702.470054536167,70482.26025779732,,0.0,0.0,"{'NO_RETURNED_CF': 201, 'SUCCESS_VALID_FEASIBLE': 5, 'SUCCESS_VALID_CONSTRAINT_FAILED': 1}",1.0,6,6,0.6096657120978346,1.0,0.8333333333333334,5,6,0.43649717781352987,0.9699466302516935,0.028985507246376812,6,207,0.013350613023979937,0.06178384539468512,0.024154589371980676,5,207,0.010360523917063744,0.05528813407512609,0.0,0.0,0.0,0.9710144927536232,0.0,0.004830917874396135,0.024154589371980676,1.0,0.0,0.0,0.004830917874396135,0.9710144927536232,0.9710144927536232,paired_207,10k,DIGITAL_PAIRS_PLUS_CATEGORY
UFCE-FF1,MODERATE,0,207,153.4031990013318,2980.685054900459,750.6192979129165,25896.365777995623,,0.0,0.6999999999999886,"{'NO_RETURNED_CF': 196, 'SUCCESS_VALID_FEASIBLE': 6, 'SUCCESS_VALID_CONSTRAINT_FAILED': 5}",1.0,11,11,0.7411670330319684,1.0,0.5454545454545454,6,11,0.280091537409322,0.7872872837754024,0.05314009661835749,11,207,0.029928412522015925,0.09263504802902528,0.028985507246376812,6,207,0.013350613023979937,0.06178384539468512,0.0,0.0,0.0,0.9468599033816425,0.0,0.024154589371980676,0.028985507246376812,1.0,0.0,0.0,0.024154589371980676,0.9468599033816425,0.9468599033816425,paired_207,10k,SHARED_FF1
UFCE-FF2,MODERATE,0,207,64.30851000186522,573.4774538017518,161.68288896622707,8367.089504002251,,0.0,0.0,"{'NO_RETURNED_CF': 203, 'SUCCESS_VALID_FEASIBLE': 4}",1.0,4,4,0.5101091635454027,1.0,1.0,4,4,0.5101091635454027,1.0,0.01932367149758454,4,207,0.007539626042567513,0.04862323152314709,0.01932367149758454,4,207,0.007539626042567513,0.04862323152314709,0.0,0.0,0.0,0.9806763285024155,0.0,0.0,0.01932367149758454,1.0,0.0,0.0,0.0,0.9806763285024155,0.9806763285024155,paired_207,full_train,ALL_FEATURE_TOP5
UFCE-FF3,MODERATE,0,207,64.06980300016585,514.1656780982885,142.35838136722822,9822.728314338747,,0.0,0.0,"{'NO_RETURNED_CF': 204, 'SUCCESS_VALID_FEASIBLE': 3}",1.0,3,3,0.4385029682449546,1.0,1.0,3,3,0.4385029682449546,1.0,0.014492753623188406,3,207,0.0049408693966299655,0.041736187742609406,0.014492753623188406,3,207,0.0049408693966299655,0.041736187742609406,0.0,0.0,0.0,0.9855072463768116,0.0,0.0,0.014492753623188406,1.0,0.0,0.0,0.0,0.9855072463768116,0.9855072463768116,paired_207,full_train,ALL_FEATURE_TOP5
UFCE-FF2,MODERATE,0,207,66.40810599856195,13688.546444099848,2813.896340130501,116495.30848140274,,0.0,0.0,"{'NO_RETURNED_CF': 201, 'SUCCESS_VALID_FEASIBLE': 5, 'SUCCESS_VALID_CONSTRAINT_FAILED': 1}",1.0,6,6,0.6096657120978346,1.0,0.8333333333333334,5,6,0.43649717781352987,0.9699466302516935,0.028985507246376812,6,207,0.013350613023979937,0.06178384539468512,0.024154589371980676,5,207,0.010360523917063744,0.05528813407512609,0.0,0.0,0.0,0.9710144927536232,0.0,0.004830917874396135,0.024154589371980676,1.0,0.0,0.0,0.004830917874396135,0.9710144927536232,0.9710144927536232,paired_207,full_train,DIGITAL_PAIRS_PLUS_CATEGORY
UFCE-FF3,MODERATE,0,207,64.73957100024563,8001.022363399525,1563.0047493526383,80885.49577899903,,0.0,0.0,"{'NO_RETURNED_CF': 202, 'SUCCESS_VALID_FEASIBLE': 4, 'SUCCESS_VALID_CONSTRAINT_FAILED': 1}",1.0,5,5,0.5655175352168251,1.0,0.8,4,5,0.37553462976252533,0.9637758913675698,0.024154589371980676,5,207,0.010360523917063744,0.05528813407512609,0.01932367149758454,4,207,0.007539626042567513,0.04862323152314709,0.0,0.0,0.0,0.9758454106280193,0.0,0.004830917874396135,0.01932367149758454,1.0,0.0,0.0,0.004830917874396135,0.9758454106280193,0.9758454106280193,paired_207,full_train,DIGITAL_PAIRS_PLUS_CATEGORY
UFCE-FF1,MODERATE,0,207,87.20731900029932,2824.0602843008674,645.3444769807647,22264.38445583638,,0.0,0.6999999999999886,"{'NO_RETURNED_CF': 196, 'SUCCESS_VALID_FEASIBLE': 6, 'SUCCESS_VALID_CONSTRAINT_FAILED': 5}",1.0,11,11,0.7411670330319684,1.0,0.5454545454545454,6,11,0.280091537409322,0.7872872837754024,0.05314009661835749,11,207,0.029928412522015925,0.09263504802902528,0.028985507246376812,6,207,0.013350613023979937,0.06178384539468512,0.0,0.0,0.0,0.9468599033816425,0.0,0.024154589371980676,0.028985507246376812,1.0,0.0,0.0,0.024154589371980676,0.9468599033816425,0.9468599033816425,paired_207,full_train,SHARED_FF1
UFCE-FF2,MODERATE,0,100,121.6159460000199,619.632949100378,210.1560619398515,7005.202064661717,,0.0,0.0,"{'NO_RETURNED_CF': 97, 'SUCCESS_VALID_FEASIBLE': 3}",1.0,3,3,0.4385029682449546,1.0,1.0,3,3,0.4385029682449546,1.0,0.03,3,100,0.010254524024038925,0.0845193642905276,0.03,3,100,0.010254524024038925,0.0845193642905276,0.0,0.0,0.0,0.97,0.0,0.0,0.03,1.0,0.0,0.0,0.0,0.97,0.97,supplemental_tp,10k,ALL_FEATURE_TOP5
UFCE-FF3,MODERATE,0,100,120.50448300033167,562.9073292997416,186.74982441993052,6224.994147331017,,0.0,0.0,"{'NO_RETURNED_CF': 97, 'SUCCESS_VALID_FEASIBLE': 3}",1.0,3,3,0.4385029682449546,1.0,1.0,3,3,0.4385029682449546,1.0,0.03,3,100,0.010254524024038925,0.0845193642905276,0.03,3,100,0.010254524024038925,0.0845193642905276,0.0,0.0,0.0,0.97,0.0,0.0,0.03,1.0,0.0,0.0,0.0,0.97,0.97,supplemental_tp,10k,ALL_FEATURE_TOP5
UFCE-FF2,MODERATE,0,100,129.62991950007563,13804.726871252387,3058.566864820023,61171.33729640047,,0.0,1.0,"{'NO_RETURNED_CF': 85, 'SUCCESS_VALID_CONSTRAINT_FAILED': 10, 'SUCCESS_VALID_FEASIBLE': 5}",1.0,15,15,0.7961166989641515,1.0,0.3333333333333333,5,15,0.1517632443971473,0.5828645226148023,0.15,15,100,0.0930598528365663,0.23283559590832364,0.05,5,100,0.02154367915436796,0.11175046923191913,0.0,0.0,0.0,0.85,0.0,0.1,0.05,1.0,0.0,0.0,0.1,0.85,0.85,supplemental_tp,10k,DIGITAL_PAIRS_PLUS_CATEGORY
UFCE-FF3,MODERATE,0,100,125.63128350120678,7016.170398599568,1751.9566462500006,25027.95208928572,,0.0,1.0,"{'NO_RETURNED_CF': 83, 'SUCCESS_VALID_CONSTRAINT_FAILED': 10, 'SUCCESS_VALID_FEASIBLE': 7}",1.0,17,17,0.8156818649911483,1.0,0.4117647058823529,7,17,0.2161105679021481,0.6399455735700021,0.17,17,100,0.10893566114059931,0.25548004767601123,0.07,7,100,0.03431926106727268,0.137495147390735,0.0,0.0,0.0,0.83,0.0,0.1,0.07,1.0,0.0,0.0,0.1,0.83,0.83,supplemental_tp,10k,DIGITAL_PAIRS_PLUS_CATEGORY
UFCE-FF1,MODERATE,0,100,253.309955000077,2673.9337244996937,766.0359198402512,2127.8775551118088,,0.0,1.0,"{'NO_RETURNED_CF': 64, 'SUCCESS_VALID_FEASIBLE': 36}",1.0,36,36,0.9035813714055363,1.0,1.0,36,36,0.9035813714055363,1.0,0.36,36,100,0.2727122040140433,0.4576459754839126,0.36,36,100,0.2727122040140433,0.4576459754839126,0.0,0.0,0.0,0.64,0.0,0.0,0.36,1.0,0.0,0.0,0.0,0.64,0.64,supplemental_tp,10k,SHARED_FF1
UFCE-FF2,MODERATE,0,100,65.47897850032314,591.6929408977012,159.78536290986085,5326.178763662028,,0.0,0.0,"{'NO_RETURNED_CF': 97, 'SUCCESS_VALID_FEASIBLE': 3}",1.0,3,3,0.4385029682449546,1.0,1.0,3,3,0.4385029682449546,1.0,0.03,3,100,0.010254524024038925,0.0845193642905276,0.03,3,100,0.010254524024038925,0.0845193642905276,0.0,0.0,0.0,0.97,0.0,0.0,0.03,1.0,0.0,0.0,0.0,0.97,0.97,supplemental_tp,full_train,ALL_FEATURE_TOP5
UFCE-FF3,MODERATE,0,100,64.6352924995881,523.5154619496825,135.384970099949,4512.8323366649665,,0.0,0.0,"{'NO_RETURNED_CF': 97, 'SUCCESS_VALID_FEASIBLE': 3}",1.0,3,3,0.4385029682449546,1.0,1.0,3,3,0.4385029682449546,1.0,0.03,3,100,0.010254524024038925,0.0845193642905276,0.03,3,100,0.010254524024038925,0.0845193642905276,0.0,0.0,0.0,0.97,0.0,0.0,0.03,1.0,0.0,0.0,0.0,0.97,0.97,supplemental_tp,full_train,ALL_FEATURE_TOP5
UFCE-FF2,MODERATE,0,100,93.81020199907653,13726.189405351945,3177.748508100194,63554.97016200388,,0.0,1.0,"{'NO_RETURNED_CF': 85, 'SUCCESS_VALID_CONSTRAINT_FAILED': 10, 'SUCCESS_VALID_FEASIBLE': 5}",1.0,15,15,0.7961166989641515,1.0,0.3333333333333333,5,15,0.1517632443971473,0.5828645226148023,0.15,15,100,0.0930598528365663,0.23283559590832364,0.05,5,100,0.02154367915436796,0.11175046923191913,0.0,0.0,0.0,0.85,0.0,0.1,0.05,1.0,0.0,0.0,0.1,0.85,0.85,supplemental_tp,full_train,DIGITAL_PAIRS_PLUS_CATEGORY
UFCE-FF3,MODERATE,0,100,91.90437699908216,7625.953154599846,1722.6630007699714,24609.47143957102,,0.0,1.0,"{'NO_RETURNED_CF': 83, 'SUCCESS_VALID_CONSTRAINT_FAILED': 10, 'SUCCESS_VALID_FEASIBLE': 7}",1.0,17,17,0.8156818649911483,1.0,0.4117647058823529,7,17,0.2161105679021481,0.6399455735700021,0.17,17,100,0.10893566114059931,0.25548004767601123,0.07,7,100,0.03431926106727268,0.137495147390735,0.0,0.0,0.0,0.83,0.0,0.1,0.07,1.0,0.0,0.0,0.1,0.83,0.83,supplemental_tp,full_train,DIGITAL_PAIRS_PLUS_CATEGORY
UFCE-FF1,MODERATE,0,100,206.50871850011754,2597.524838502614,712.4073534600029,1978.9093151666748,,0.0,1.0,"{'NO_RETURNED_CF': 64, 'SUCCESS_VALID_FEASIBLE': 36}",1.0,36,36,0.9035813714055363,1.0,1.0,36,36,0.9035813714055363,1.0,0.36,36,100,0.2727122040140433,0.4576459754839126,0.36,36,100,0.2727122040140433,0.4576459754839126,0.0,0.0,0.0,0.64,0.0,0.0,0.36,1.0,0.0,0.0,0.0,0.64,0.64,supplemental_tp,full_train,SHARED_FF1
