comparison,left,right,n_queries,paired_query_ids_sha256,delta_valid_availability_percentage_points,delta_valid_availability_ci_low_percentage_points,delta_valid_availability_ci_high_percentage_points,delta_feasible_availability_percentage_points,delta_feasible_availability_ci_low_percentage_points,delta_feasible_availability_ci_high_percentage_points,mcnemar,median_latency_difference_ms,median_latency_ci_low_ms,median_latency_ci_high_ms
categorical_10k_vs_saved_DIGITAL_ONLY,UFCE-FF1/10k/SHARED_FF1,UFCE-FF1/DIGITAL_ONLY/10k,207,309e81b2fe81244593c6272ac9edca639ed839ba5f3f417ce1b73c490c5f8d4e,2.898550724637681,0.966183574879227,5.314009661835748,2.898550724637681,0.966183574879227,5.314009661835748,"{'b_left_only': 6, 'c_right_only': 0, 'discordant': 6, 'exact_p_value': 0.03125}",-130.93880399719637,-138.53950199882092,-125.13059237776362
full_reference_vs_10k_same_MI_pairs,UFCE-FF1/full_train/SHARED_FF1,UFCE-FF1/10k/SHARED_FF1,207,309e81b2fe81244593c6272ac9edca639ed839ba5f3f417ce1b73c490c5f8d4e,0.0,0.0,0.0,0.0,0.0,0.0,"{'b_left_only': 0, 'c_right_only': 0, 'discordant': 0, 'exact_p_value': 1.0}",-66.19588000103249,-68.3881119011858,-51.409919000434456
categorical_10k_vs_saved_DIGITAL_ONLY,UFCE-FF2/10k/DIGITAL_PAIRS_PLUS_CATEGORY,UFCE-FF2/DIGITAL_ONLY/10k,207,309e81b2fe81244593c6272ac9edca639ed839ba5f3f417ce1b73c490c5f8d4e,0.4830917874396135,0.0,1.4492753623188406,0.0,0.0,0.0,"{'b_left_only': 0, 'c_right_only': 0, 'discordant': 0, 'exact_p_value': 1.0}",-185.98039000062272,-255.34706455091512,-158.58852472260884
categorical_10k_vs_saved_DIGITAL_ONLY,UFCE-FF2/10k/ALL_FEATURE_TOP5,UFCE-FF2/DIGITAL_ONLY/10k,207,309e81b2fe81244593c6272ac9edca639ed839ba5f3f417ce1b73c490c5f8d4e,-0.4830917874396135,-1.4492753623188406,0.0,-0.4830917874396135,-1.4492753623188406,0.0,"{'b_left_only': 0, 'c_right_only': 1, 'discordant': 1, 'exact_p_value': 1.0}",-195.53239599918015,-266.93586197206974,-167.23028719902686
full_reference_vs_10k_same_MI_pairs,UFCE-FF2/full_train/DIGITAL_PAIRS_PLUS_CATEGORY,UFCE-FF2/10k/DIGITAL_PAIRS_PLUS_CATEGORY,207,309e81b2fe81244593c6272ac9edca639ed839ba5f3f417ce1b73c490c5f8d4e,0.0,0.0,0.0,0.0,0.0,0.0,"{'b_left_only': 0, 'c_right_only': 0, 'discordant': 0, 'exact_p_value': 1.0}",-67.64731400107848,-70.75408982236695,-66.04769672276234
full_reference_vs_10k_same_MI_pairs,UFCE-FF2/full_train/ALL_FEATURE_TOP5,UFCE-FF2/10k/ALL_FEATURE_TOP5,207,309e81b2fe81244593c6272ac9edca639ed839ba5f3f417ce1b73c490c5f8d4e,0.0,0.0,0.0,0.0,0.0,0.0,"{'b_left_only': 0, 'c_right_only': 0, 'discordant': 0, 'exact_p_value': 1.0}",-60.19490399921777,-62.19327000144402,-59.05264082730352
categorical_10k_vs_saved_DIGITAL_ONLY,UFCE-FF3/10k/DIGITAL_PAIRS_PLUS_CATEGORY,UFCE-FF3/DIGITAL_ONLY/10k,207,309e81b2fe81244593c6272ac9edca639ed839ba5f3f417ce1b73c490c5f8d4e,0.966183574879227,0.0,2.4154589371980677,0.4830917874396135,0.0,1.4492753623188406,"{'b_left_only': 1, 'c_right_only': 0, 'discordant': 1, 'exact_p_value': 1.0}",-339.29120799984963,-468.1440200027964,-283.23109242469405
categorical_10k_vs_saved_DIGITAL_ONLY,UFCE-FF3/10k/ALL_FEATURE_TOP5,UFCE-FF3/DIGITAL_ONLY/10k,207,309e81b2fe81244593c6272ac9edca639ed839ba5f3f417ce1b73c490c5f8d4e,0.0,0.0,0.0,0.0,0.0,0.0,"{'b_left_only': 0, 'c_right_only': 0, 'discordant': 0, 'exact_p_value': 1.0}",-346.9364459979261,-476.00493027734103,-290.7204391734468
full_reference_vs_10k_same_MI_pairs,UFCE-FF3/full_train/DIGITAL_PAIRS_PLUS_CATEGORY,UFCE-FF3/10k/DIGITAL_PAIRS_PLUS_CATEGORY,207,309e81b2fe81244593c6272ac9edca639ed839ba5f3f417ce1b73c490c5f8d4e,-0.4830917874396135,-1.4492753623188406,0.0,-0.4830917874396135,-1.4492753623188406,0.0,"{'b_left_only': 0, 'c_right_only': 1, 'discordant': 1, 'exact_p_value': 1.0}",-68.48012699992978,-69.577179226053,-66.27075230016999
full_reference_vs_10k_same_MI_pairs,UFCE-FF3/full_train/ALL_FEATURE_TOP5,UFCE-FF3/10k/ALL_FEATURE_TOP5,207,309e81b2fe81244593c6272ac9edca639ed839ba5f3f417ce1b73c490c5f8d4e,-0.4830917874396135,-1.4492753623188406,0.0,-0.4830917874396135,-1.4492753623188406,0.0,"{'b_left_only': 0, 'c_right_only': 1, 'discordant': 1, 'exact_p_value': 1.0}",-61.50465700193307,-62.87167870304984,-59.465936748983964
