cohort,reference_size,mi_strategy,method,reference_rows,method_setup_seconds,mi_seconds_shared,median_query_latency_ms,p95_query_latency_ms,valid_availability,feasible_availability,candidate_count_median,eccf_ms,peak_rss_mb
paired_207,10k,ALL_FEATURE_TOP5,UFCE-FF2,10007,1.865499871200882e-05,108.50640060499971,124.50341400108299,629.405266201138,0.01932367149758454,0.01932367149758454,0.0,11273.394170500978,
paired_207,10k,ALL_FEATURE_TOP5,UFCE-FF3,10007,1.41059972520452e-05,108.50640060499971,125.57446000209892,595.6005913994882,0.01932367149758454,0.01932367149758454,0.0,10349.678229509664,
paired_207,10k,DIGITAL_PAIRS_PLUS_CATEGORY,UFCE-FF2,10007,0.0002143560013792012,13.71483013100078,134.05541999964043,14833.438185197885,0.028985507246376812,0.024154589371980676,0.0,124630.72921459973,
paired_207,10k,DIGITAL_PAIRS_PLUS_CATEGORY,UFCE-FF3,10007,4.631599949789234e-05,13.71483013100078,133.2196980001754,8203.36961109897,0.028985507246376812,0.024154589371980676,0.0,70482.26025779732,
paired_207,10k,SHARED_FF1,UFCE-FF1,10007,2.4086288969992893,0.0,153.4031990013318,2980.685054900459,0.05314009661835749,0.028985507246376812,0.0,25896.365777995623,
paired_207,full_train,ALL_FEATURE_TOP5,UFCE-FF2,325483,3.74690025637392e-05,108.50640060499971,64.30851000186522,573.4774538017518,0.01932367149758454,0.01932367149758454,0.0,8367.089504002251,
paired_207,full_train,ALL_FEATURE_TOP5,UFCE-FF3,325483,2.9260001610964533e-05,108.50640060499971,64.06980300016585,514.1656780982885,0.014492753623188406,0.014492753623188406,0.0,9822.728314338747,
paired_207,full_train,DIGITAL_PAIRS_PLUS_CATEGORY,UFCE-FF2,325483,4.363499829196371e-05,13.71483013100078,66.40810599856195,13688.546444099848,0.028985507246376812,0.024154589371980676,0.0,116495.30848140274,
paired_207,full_train,DIGITAL_PAIRS_PLUS_CATEGORY,UFCE-FF3,325483,6.648599810432643e-05,13.71483013100078,64.73957100024563,8001.022363399525,0.024154589371980676,0.01932367149758454,0.0,80885.49577899903,
paired_207,full_train,SHARED_FF1,UFCE-FF1,325483,0.02989644700210192,0.0,87.20731900029932,2824.0602843008674,0.05314009661835749,0.028985507246376812,0.0,22264.38445583638,
supplemental_tp,10k,ALL_FEATURE_TOP5,UFCE-FF2,10007,1.6204998246394098e-05,108.50640060499971,121.6159460000199,619.632949100378,0.03,0.03,0.0,7005.202064661717,
supplemental_tp,10k,ALL_FEATURE_TOP5,UFCE-FF3,10007,1.4242999895941464e-05,108.50640060499971,120.50448300033167,562.9073292997416,0.03,0.03,0.0,6224.994147331017,
supplemental_tp,10k,DIGITAL_PAIRS_PLUS_CATEGORY,UFCE-FF2,10007,8.981700011645444e-05,13.71483013100078,129.62991950007563,13804.726871252387,0.15,0.05,0.0,61171.33729640047,
supplemental_tp,10k,DIGITAL_PAIRS_PLUS_CATEGORY,UFCE-FF3,10007,4.354799966677092e-05,13.71483013100078,125.63128350120678,7016.170398599568,0.17,0.07,0.0,25027.95208928572,
supplemental_tp,10k,SHARED_FF1,UFCE-FF1,10007,2.349103444998036,0.0,253.309955000077,2673.9337244996937,0.36,0.36,0.0,2127.8775551118088,
supplemental_tp,full_train,ALL_FEATURE_TOP5,UFCE-FF2,325483,3.625599856604822e-05,108.50640060499971,65.47897850032314,591.6929408977012,0.03,0.03,0.0,5326.178763662028,
supplemental_tp,full_train,ALL_FEATURE_TOP5,UFCE-FF3,325483,3.006000042660162e-05,108.50640060499971,64.6352924995881,523.5154619496825,0.03,0.03,0.0,4512.8323366649665,
supplemental_tp,full_train,DIGITAL_PAIRS_PLUS_CATEGORY,UFCE-FF2,325483,0.00013114700050209652,13.71483013100078,93.81020199907653,13726.189405351945,0.15,0.05,0.0,63554.97016200388,
supplemental_tp,full_train,DIGITAL_PAIRS_PLUS_CATEGORY,UFCE-FF3,325483,6.153499998617917e-05,13.71483013100078,91.90437699908216,7625.953154599846,0.17,0.07,0.0,24609.47143957102,
supplemental_tp,full_train,SHARED_FF1,UFCE-FF1,325483,0.03721316100200056,0.0,206.50871850011754,2597.524838502614,0.36,0.36,0.0,1978.9093151666748,
