cohort,reference_size,mi_strategy,method,valid_returned_candidates,prox_jac_mean,prox_euc_mean,sparsity_mean,actionability_pass_rate,plausibility_pass_rate,feasibility_pass_rate,metric_contract
paired_207,10k,ALL_FEATURE_TOP5,UFCE-FF2,4,0.0,0.7503295960251242,1.75,True,0.75,0.5,adapted descriptive definitions; not a Table 7 magnitude benchmark
paired_207,10k,ALL_FEATURE_TOP5,UFCE-FF3,4,0.0,0.9370183465962083,2.75,True,0.75,0.75,adapted descriptive definitions; not a Table 7 magnitude benchmark
paired_207,10k,DIGITAL_PAIRS_PLUS_CATEGORY,UFCE-FF2,6,0.047619047619047616,0.7816367206791667,1.5,True,0.6666666666666666,0.16666666666666666,adapted descriptive definitions; not a Table 7 magnitude benchmark
paired_207,10k,DIGITAL_PAIRS_PLUS_CATEGORY,UFCE-FF3,6,0.047619047619047616,0.9414348486886345,2.1666666666666665,True,0.6666666666666666,0.5,adapted descriptive definitions; not a Table 7 magnitude benchmark
paired_207,10k,SHARED_FF1,UFCE-FF1,11,0.1558441558441558,1.1648212430438214,1.0,True,0.8181818181818182,0.0,adapted descriptive definitions; not a Table 7 magnitude benchmark
paired_207,full_train,ALL_FEATURE_TOP5,UFCE-FF2,4,0.0,0.7503295960251242,1.75,True,0.75,0.5,adapted descriptive definitions; not a Table 7 magnitude benchmark
paired_207,full_train,ALL_FEATURE_TOP5,UFCE-FF3,3,0.0,0.7862857604557997,2.0,True,1.0,0.6666666666666666,adapted descriptive definitions; not a Table 7 magnitude benchmark
paired_207,full_train,DIGITAL_PAIRS_PLUS_CATEGORY,UFCE-FF2,6,0.047619047619047616,0.7816367206791667,1.5,True,0.6666666666666666,0.16666666666666666,adapted descriptive definitions; not a Table 7 magnitude benchmark
paired_207,full_train,DIGITAL_PAIRS_PLUS_CATEGORY,UFCE-FF3,5,0.05714285714285714,0.8808411134656755,2.0,True,0.8,0.4,adapted descriptive definitions; not a Table 7 magnitude benchmark
paired_207,full_train,SHARED_FF1,UFCE-FF1,11,0.1558441558441558,1.1648212430438214,1.0,True,0.8181818181818182,0.0,adapted descriptive definitions; not a Table 7 magnitude benchmark
supplemental_tp,10k,ALL_FEATURE_TOP5,UFCE-FF2,3,0.0,0.9129437564181669,2.0,True,1.0,1.0,adapted descriptive definitions; not a Table 7 magnitude benchmark
supplemental_tp,10k,ALL_FEATURE_TOP5,UFCE-FF3,3,0.0,0.8949297334207954,1.6666666666666667,True,1.0,0.6666666666666666,adapted descriptive definitions; not a Table 7 magnitude benchmark
supplemental_tp,10k,DIGITAL_PAIRS_PLUS_CATEGORY,UFCE-FF2,15,0.20952380952380947,1.3953352907987882,1.8666666666666667,True,0.8,0.13333333333333333,adapted descriptive definitions; not a Table 7 magnitude benchmark
supplemental_tp,10k,DIGITAL_PAIRS_PLUS_CATEGORY,UFCE-FF3,17,0.2521008403361344,1.7129639324454005,2.823529411764706,True,0.8235294117647058,0.23529411764705882,adapted descriptive definitions; not a Table 7 magnitude benchmark
supplemental_tp,10k,SHARED_FF1,UFCE-FF1,36,0.2857142857142858,1.4142135623730945,1.0,True,0.9166666666666666,0.0,adapted descriptive definitions; not a Table 7 magnitude benchmark
supplemental_tp,full_train,ALL_FEATURE_TOP5,UFCE-FF2,3,0.0,0.9129437564181669,2.0,True,1.0,1.0,adapted descriptive definitions; not a Table 7 magnitude benchmark
supplemental_tp,full_train,ALL_FEATURE_TOP5,UFCE-FF3,3,0.0,1.0052014051870055,2.0,True,1.0,1.0,adapted descriptive definitions; not a Table 7 magnitude benchmark
supplemental_tp,full_train,DIGITAL_PAIRS_PLUS_CATEGORY,UFCE-FF2,15,0.20952380952380947,1.3953352907987882,1.8666666666666667,True,0.8,0.13333333333333333,adapted descriptive definitions; not a Table 7 magnitude benchmark
supplemental_tp,full_train,DIGITAL_PAIRS_PLUS_CATEGORY,UFCE-FF3,17,0.2521008403361344,1.7268859610287528,3.0,True,0.8235294117647058,0.29411764705882354,adapted descriptive definitions; not a Table 7 magnitude benchmark
supplemental_tp,full_train,SHARED_FF1,UFCE-FF1,36,0.2857142857142858,1.4142135623730945,1.0,True,0.9166666666666666,0.0,adapted descriptive definitions; not a Table 7 magnitude benchmark
