left_method,right_method,transition,metric,paired_query_count,difference_percentage_points,ci95_low_percentage_points,ci95_high_percentage_points
UFCE-FF1,DiCE,dropout_to_enrolled,target_valid_availability,4,0.0,0.0,0.0
UFCE-FF1,DiCE,dropout_to_enrolled,constraint_feasible_availability,4,0.0,0.0,0.0
UFCE-FF2,DiCE,dropout_to_enrolled,target_valid_availability,4,0.0,0.0,0.0
UFCE-FF2,DiCE,dropout_to_enrolled,constraint_feasible_availability,4,0.0,0.0,0.0
UFCE-FF3,DiCE,dropout_to_enrolled,target_valid_availability,4,0.0,0.0,0.0
UFCE-FF3,DiCE,dropout_to_enrolled,constraint_feasible_availability,4,0.0,0.0,0.0
UFCE-FF1,DiCE,dropout_to_graduate,target_valid_availability,4,0.0,0.0,0.0
UFCE-FF1,DiCE,dropout_to_graduate,constraint_feasible_availability,4,0.0,0.0,0.0
UFCE-FF2,DiCE,dropout_to_graduate,target_valid_availability,4,0.0,0.0,0.0
UFCE-FF2,DiCE,dropout_to_graduate,constraint_feasible_availability,4,0.0,0.0,0.0
UFCE-FF3,DiCE,dropout_to_graduate,target_valid_availability,4,-25.0,-75.0,0.0
UFCE-FF3,DiCE,dropout_to_graduate,constraint_feasible_availability,4,0.0,0.0,0.0
UFCE-FF1,DiCE,enrolled_to_dropout,target_valid_availability,3,-66.66666666666666,-100.0,0.0
UFCE-FF1,DiCE,enrolled_to_dropout,constraint_feasible_availability,3,-66.66666666666666,-100.0,0.0
UFCE-FF2,DiCE,enrolled_to_dropout,target_valid_availability,3,-66.66666666666666,-100.0,0.0
UFCE-FF2,DiCE,enrolled_to_dropout,constraint_feasible_availability,3,-66.66666666666666,-100.0,0.0
UFCE-FF3,DiCE,enrolled_to_dropout,target_valid_availability,3,-66.66666666666666,-100.0,0.0
UFCE-FF3,DiCE,enrolled_to_dropout,constraint_feasible_availability,3,-66.66666666666666,-100.0,0.0
UFCE-FF1,DiCE,enrolled_to_graduate,target_valid_availability,3,-33.33333333333333,-100.0,0.0
UFCE-FF1,DiCE,enrolled_to_graduate,constraint_feasible_availability,3,0.0,0.0,0.0
UFCE-FF2,DiCE,enrolled_to_graduate,target_valid_availability,3,-33.33333333333333,-100.0,0.0
UFCE-FF2,DiCE,enrolled_to_graduate,constraint_feasible_availability,3,0.0,0.0,0.0
UFCE-FF3,DiCE,enrolled_to_graduate,target_valid_availability,3,-33.33333333333333,-100.0,0.0
UFCE-FF3,DiCE,enrolled_to_graduate,constraint_feasible_availability,3,0.0,0.0,0.0
UFCE-FF1,DiCE,graduate_to_dropout,target_valid_availability,3,-33.33333333333333,-100.0,0.0
UFCE-FF1,DiCE,graduate_to_dropout,constraint_feasible_availability,3,-33.33333333333333,-100.0,0.0
UFCE-FF2,DiCE,graduate_to_dropout,target_valid_availability,3,-33.33333333333333,-100.0,0.0
UFCE-FF2,DiCE,graduate_to_dropout,constraint_feasible_availability,3,-33.33333333333333,-100.0,0.0
UFCE-FF3,DiCE,graduate_to_dropout,target_valid_availability,3,0.0,0.0,0.0
UFCE-FF3,DiCE,graduate_to_dropout,constraint_feasible_availability,3,0.0,0.0,0.0
UFCE-FF1,DiCE,graduate_to_enrolled,target_valid_availability,3,0.0,0.0,0.0
UFCE-FF1,DiCE,graduate_to_enrolled,constraint_feasible_availability,3,0.0,0.0,0.0
UFCE-FF2,DiCE,graduate_to_enrolled,target_valid_availability,3,0.0,0.0,0.0
UFCE-FF2,DiCE,graduate_to_enrolled,constraint_feasible_availability,3,0.0,0.0,0.0
UFCE-FF3,DiCE,graduate_to_enrolled,target_valid_availability,3,0.0,0.0,0.0
UFCE-FF3,DiCE,graduate_to_enrolled,constraint_feasible_availability,3,0.0,0.0,0.0
