method,transition,query_count,raw_candidate_count,off_target_candidate_count,target_candidate_count,exposed_cf_count,feasible_exposed_cf_count,median_latency_ms,p95_latency_ms,setup_ms,effective_compute_cost_ms_per_feasible_cf,target_valid_availability,target_valid_availability_numerator,target_valid_availability_denominator,target_valid_availability_ci95_low,target_valid_availability_ci95_high,constraint_feasible_availability,constraint_feasible_availability_numerator,constraint_feasible_availability_denominator,constraint_feasible_availability_ci95_low,constraint_feasible_availability_ci95_high,off_target_rate,off_target_rate_numerator,off_target_rate_denominator,off_target_rate_ci95_low,off_target_rate_ci95_high,exposed_cf_target_validity,exposed_cf_target_validity_numerator,exposed_cf_target_validity_denominator,exposed_cf_target_validity_ci95_low,exposed_cf_target_validity_ci95_high,exposed_cf_constraint_satisfaction,exposed_cf_constraint_satisfaction_numerator,exposed_cf_constraint_satisfaction_denominator,exposed_cf_constraint_satisfaction_ci95_low,exposed_cf_constraint_satisfaction_ci95_high
UFCE-FF1,dropout_to_enrolled,4,42,0,0,0,0,290.88117549997605,718.1245134499675,33.945200000005116,,0.0,0,4,0.0,0.4898908364545973,0.0,0,4,0.0,0.4898908364545973,0.0,0,42,0.0,0.08379879086570391,,0,0,,,,0,0,,
UFCE-FF2,dropout_to_enrolled,4,65,0,0,0,0,1869.464303500024,2302.7970930999627,12.418180999986816,,0.0,0,4,0.0,0.4898908364545973,0.0,0,4,0.0,0.4898908364545973,0.0,0,65,0.0,0.05580153132285689,,0,0,,,,0,0,,
UFCE-FF3,dropout_to_enrolled,4,63,0,0,0,0,2569.610885999992,3109.7758816499745,32.42146600001661,,0.0,0,4,0.0,0.4898908364545973,0.0,0,4,0.0,0.4898908364545973,0.0,0,63,3.469446951953614e-18,0.05747119958885172,,0,0,,,,0,0,,
DiCE,dropout_to_enrolled,4,10520,6,0,0,0,3782.5057384999923,4110.342194199995,182.8352910000035,,0.0,0,4,0.0,0.4898908364545973,0.0,0,4,0.0,0.4898908364545973,0.0005703422053231939,6,10520,0.00026141833395638373,0.0012438740901722983,,0,0,,,,0,0,,
UFCE-FF1,dropout_to_graduate,4,41,6,1,0,0,753.6440845000243,823.7258529500195,24.002203999998528,,0.25,1,4,0.04558726080970055,0.6993581574175981,0.0,0,4,0.0,0.4898908364545973,0.14634146341463414,6,41,0.0688424814129593,0.28443458042480957,,0,0,,,,0,0,,
UFCE-FF2,dropout_to_graduate,4,65,9,1,0,0,1953.3475435000014,2431.5004717500074,14.676541000085308,,0.25,1,4,0.04558726080970055,0.6993581574175981,0.0,0,4,0.0,0.4898908364545973,0.13846153846153847,9,65,0.07459090403153719,0.24268097246345166,,0,0,,,,0,0,,
UFCE-FF3,dropout_to_graduate,4,66,17,0,0,0,2719.635027499976,2920.3830912499993,26.35193799994795,,0.0,0,4,0.0,0.4898908364545973,0.0,0,4,0.0,0.4898908364545973,0.25757575757575757,17,66,0.1674884361182427,0.3743309854640803,,0,0,,,,0,0,,
DiCE,dropout_to_graduate,4,8042,1533,121,0,0,3500.881429499998,12286.019864299973,97.25776100003714,,0.25,1,4,0.04558726080970055,0.6993581574175981,0.0,0,4,0.0,0.4898908364545973,0.19062422283014174,1533,8042,0.18218791150327113,0.19935595491920383,,0,0,,,,0,0,,
UFCE-FF1,enrolled_to_dropout,3,35,2,0,0,0,759.5638569999892,777.5798068000199,16.135396999970908,,0.0,0,3,5.551115123125783e-17,0.5614970317550454,0.0,0,3,5.551115123125783e-17,0.5614970317550454,0.05714285714285714,2,35,0.015813161857108654,0.1860705742016492,,0,0,,,,0,0,,
UFCE-FF2,enrolled_to_dropout,3,51,3,0,0,0,2360.056352000015,2454.1333034000786,15.946282000072642,,0.0,0,3,5.551115123125783e-17,0.5614970317550454,0.0,0,3,5.551115123125783e-17,0.5614970317550454,0.058823529411764705,3,51,0.020206639422464673,0.15924626048800425,,0,0,,,,0,0,,
UFCE-FF3,enrolled_to_dropout,3,25,8,0,0,0,1403.2156989999294,1544.909393200021,18.29537399999026,,0.0,0,3,5.551115123125783e-17,0.5614970317550454,0.0,0,3,5.551115123125783e-17,0.5614970317550454,0.32,8,25,0.17205190306907978,0.5158973072689775,,0,0,,,,0,0,,
DiCE,enrolled_to_dropout,3,4759,67,722,2,2,7071.0868539999865,47757.314521,69.87281199997142,31518.17024799999,0.6666666666666666,2,3,0.2076596008020477,0.9385080552796037,0.6666666666666666,2,3,0.2076596008020477,0.9385080552796037,0.014078587938642572,67,4759,0.011101710222515632,0.017839303248637032,1.0,2,2,0.34238022750665303,1.0,1.0,2,2,0.34238022750665303,1.0
UFCE-FF1,enrolled_to_graduate,3,33,0,1,0,0,942.1788880000577,1076.7998557000396,15.698563999990256,,0.3333333333333333,1,3,0.06149194472039621,0.7923403991979522,0.0,0,3,5.551115123125783e-17,0.5614970317550454,0.0,0,33,0.0,0.10426999754245206,,0,0,,,,0,0,,
UFCE-FF2,enrolled_to_graduate,3,48,0,1,0,0,1307.2085930000412,1864.2036340999994,23.951022999995075,,0.3333333333333333,1,3,0.06149194472039621,0.7923403991979522,0.0,0,3,5.551115123125783e-17,0.5614970317550454,0.0,0,48,6.938893903907228e-18,0.07410012966611748,,0,0,,,,0,0,,
UFCE-FF3,enrolled_to_graduate,3,55,0,1,0,0,2496.639482999967,2819.0436678000083,45.27025099991988,,0.3333333333333333,1,3,0.06149194472039621,0.7923403991979522,0.0,0,3,5.551115123125783e-17,0.5614970317550454,0.0,0,55,0.0,0.06528490111708637,,0,0,,,,0,0,,
DiCE,enrolled_to_graduate,3,5105,366,102,0,0,3646.5781490001064,8077.269593600032,83.25737500001651,,0.6666666666666666,2,3,0.2076596008020477,0.9385080552796037,0.0,0,3,5.551115123125783e-17,0.5614970317550454,0.07169441723800196,366,5105,0.06493498090881944,0.0790979597787847,,0,0,,,,0,0,,
UFCE-FF1,graduate_to_dropout,3,34,0,0,0,0,584.4297419999975,810.8391042000108,16.26328099996499,,0.0,0,3,5.551115123125783e-17,0.5614970317550454,0.0,0,3,5.551115123125783e-17,0.5614970317550454,0.0,0,34,0.0,0.10151455415332376,,0,0,,,,0,0,,
UFCE-FF2,graduate_to_dropout,3,49,0,0,0,0,2043.3512800000244,2324.1619513000387,25.481665000029352,,0.0,0,3,5.551115123125783e-17,0.5614970317550454,0.0,0,3,5.551115123125783e-17,0.5614970317550454,0.0,0,49,6.938893903907228e-18,0.07269781922049637,,0,0,,,,0,0,,
UFCE-FF3,graduate_to_dropout,3,66,1,16,1,1,1574.0562599999066,2119.394256299961,11.783689000026243,5327.89563599988,0.3333333333333333,1,3,0.06149194472039621,0.7923403991979522,0.3333333333333333,1,3,0.06149194472039621,0.7923403991979522,0.015151515151515152,1,66,0.0026796405439821064,0.08095920262066399,1.0,1,1,0.20654931437723745,1.0,1.0,1,1,0.20654931437723745,1.0
DiCE,graduate_to_dropout,3,6895,6,632,2,2,4430.3277120000075,46697.05770359999,35.663988999999674,28772.762919499997,0.3333333333333333,1,3,0.06149194472039621,0.7923403991979522,0.3333333333333333,1,3,0.06149194472039621,0.7923403991979522,0.0008701957940536621,6,6895,0.0003988776392873809,0.0018973715085227362,1.0,2,2,0.34238022750665303,1.0,1.0,2,2,0.34238022750665303,1.0
UFCE-FF1,graduate_to_enrolled,3,37,0,0,0,0,792.090528000017,879.2641590000244,25.514284999985648,,0.0,0,3,5.551115123125783e-17,0.5614970317550454,0.0,0,3,5.551115123125783e-17,0.5614970317550454,0.0,0,37,0.0,0.09405782583720251,,0,0,,,,0,0,,
UFCE-FF2,graduate_to_enrolled,3,54,0,0,0,0,2454.4057260000045,2865.4247729999724,45.55248599990591,,0.0,0,3,5.551115123125783e-17,0.5614970317550454,0.0,0,3,5.551115123125783e-17,0.5614970317550454,0.0,0,54,0.0,0.0664135880908964,,0,0,,,,0,0,,
UFCE-FF3,graduate_to_enrolled,3,72,10,0,0,0,3305.2051790000405,3758.1449606000433,14.81044699994527,,0.0,0,3,5.551115123125783e-17,0.5614970317550454,0.0,0,3,5.551115123125783e-17,0.5614970317550454,0.1388888888888889,10,72,0.07722730770298981,0.23713187250556306,,0,0,,,,0,0,,
DiCE,graduate_to_enrolled,3,8574,716,0,0,0,4035.58720500007,4091.6856954000423,117.34984399993209,,0.0,0,3,5.551115123125783e-17,0.5614970317550454,0.0,0,3,5.551115123125783e-17,0.5614970317550454,0.0835082808490786,716,8574,0.07783735271857853,0.0895522482333255,,0,0,,,,0,0,,
