sample,n_rows,rank,score,left_feature,right_feature
10000,10007,1,0.8130983671472389,pft_days_logged_m09,pft_visits_m09
10000,10007,2,0.8071994952071684,pft_days_logged_m10,pft_visits_m10
10000,10007,3,0.7729965451831804,pft_days_logged_m11,pft_visits_m11
10000,10007,4,0.7201844322042161,pft_days_logged_m12,pft_visits_m12
10000,10007,5,0.7109628689029783,pft_visits_m10,pft_total_minutes_m10
10000,10007,6,0.6994291632930123,resource_events_m10,n_resource_days_m10
10000,10007,7,0.6850553403483928,pft_visits_m09,pft_total_minutes_m09
10000,10007,8,0.6822812282769855,pft_total_minutes_m10,n_resource_days_m10
10000,10007,9,0.6784130391371983,resource_events_m11,n_resource_days_m11
10000,10007,10,0.6685855040839801,pft_visits_m11,pft_total_minutes_m11
10000,10007,11,0.6678922412643278,pft_total_minutes_m10,resource_events_m10
10000,10007,12,0.6407674676237098,resource_events_m12,n_resource_days_m12
10000,10007,13,0.6400266200745364,pft_total_minutes_m11,resource_events_m11
10000,10007,14,0.6397609789207497,pft_total_minutes_m11,n_resource_days_m11
10000,10007,15,0.6371903554722795,resource_events_m09,n_resource_days_m09
10000,10007,16,0.6349962709700288,pft_visits_m12,pft_total_minutes_m12
10000,10007,17,0.6254028814194292,pft_days_logged_m09,pft_total_minutes_m09
10000,10007,18,0.6159837372774284,pft_days_logged_m10,pft_total_minutes_m10
10000,10007,19,0.600565965780909,pft_total_minutes_m12,n_resource_days_m12
10000,10007,20,0.5879840028155208,pft_days_logged_m11,pft_total_minutes_m11
10000,10007,21,0.5858839378942893,pft_total_minutes_m12,resource_events_m12
10000,10007,22,0.5747580927948759,pft_total_minutes_m09,resource_events_m09
10000,10007,23,0.5746379811238871,pft_total_minutes_m09,n_resource_days_m09
10000,10007,24,0.5569594452848863,pft_days_logged_m12,pft_total_minutes_m12
10000,10007,25,0.49866711869656744,pft_total_minutes_m10,pft_total_minutes_m11
10000,10007,26,0.4752159910700833,pft_total_minutes_m11,pft_total_minutes_m12
10000,10007,27,0.47146934393854245,pft_total_minutes_m10,pft_total_minutes_m12
10000,10007,28,0.4531011241536351,pft_total_minutes_m09,pft_total_minutes_m10
10000,10007,29,0.42300551049880486,pft_total_minutes_m11,resource_events_m10
10000,10007,30,0.4188368822323518,pft_total_minutes_m10,resource_events_m11
10000,10007,31,0.4123904553392137,pft_total_minutes_m09,pft_total_minutes_m11
10000,10007,32,0.4073466604254987,pft_total_minutes_m12,resource_events_m10
10000,10007,33,0.4060772024395778,pft_days_logged_m10,n_resource_days_m10
10000,10007,34,0.40452416336196073,resource_events_m10,resource_events_m11
10000,10007,35,0.4030633202481946,pft_visits_m10,pft_visits_m11
10000,10007,36,0.39884118688953585,pft_total_minutes_m11,n_resource_days_m10
10000,10007,37,0.3946554791421617,pft_total_minutes_m12,resource_events_m11
10000,10007,38,0.3909377948143167,resource_events_m10,resource_events_m12
10000,10007,39,0.3901371999550216,pft_days_logged_m10,pft_visits_m11
10000,10007,40,0.38982345839146415,pft_total_minutes_m10,n_resource_days_m11
10000,10007,41,0.3869921556029219,pft_days_logged_m11,pft_visits_m10
10000,10007,42,0.3851292911201938,pft_total_minutes_m09,resource_events_m10
10000,10007,43,0.3844721105053255,pft_visits_m10,pft_visits_m12
10000,10007,44,0.38426690473173064,pft_total_minutes_m12,n_resource_days_m10
10000,10007,45,0.382379548618629,pft_total_minutes_m10,resource_events_m09
10000,10007,46,0.3814633654967263,pft_visits_m09,pft_visits_m10
10000,10007,47,0.38005644367893066,pft_total_minutes_m11,resource_events_m12
10000,10007,48,0.3797760669400905,pft_days_logged_m11,n_resource_days_m11
10000,10007,49,0.37958083529434283,pft_visits_m11,pft_visits_m12
10000,10007,50,0.3795103485302631,pft_total_minutes_m12,n_resource_days_m11
10000,10007,51,0.3781616457323249,pft_total_minutes_m10,resource_events_m12
10000,10007,52,0.37668556666599695,resource_events_m09,resource_events_m10
10000,10007,53,0.3745958196889605,pft_total_minutes_m10,n_resource_days_m12
10000,10007,54,0.3744447864501863,pft_days_logged_m10,pft_visits_m09
10000,10007,55,0.3734567845492176,pft_days_logged_m10,pft_visits_m12
10000,10007,56,0.3722503235105181,pft_days_logged_m10,pft_days_logged_m11
10000,10007,57,0.37169487227556175,pft_visits_m10,n_resource_days_m10
10000,10007,58,0.37006306008359324,pft_total_minutes_m11,resource_events_m09
10000,10007,59,0.36737409733400916,pft_total_minutes_m09,pft_total_minutes_m12
10000,10007,60,0.3657893125418674,pft_days_logged_m12,pft_visits_m10
10000,10007,61,0.3656074276689072,pft_total_minutes_m09,n_resource_days_m10
10000,10007,62,0.36251654472842,pft_days_logged_m09,pft_visits_m10
10000,10007,63,0.3598651226642602,resource_events_m11,n_resource_days_m10
10000,10007,64,0.3592232658499759,resource_events_m10,n_resource_days_m11
10000,10007,65,0.35818397643896205,resource_events_m11,resource_events_m12
10000,10007,66,0.35788543653205895,pft_total_minutes_m11,n_resource_days_m12
10000,10007,67,0.3572328105380693,pft_days_logged_m11,pft_visits_m12
10000,10007,68,0.3554973279672389,pft_total_minutes_m10,n_resource_days_m09
10000,10007,69,0.3545225842979285,pft_days_logged_m12,n_resource_days_m12
10000,10007,70,0.35445033920206814,pft_days_logged_m12,pft_visits_m11
10000,10007,71,0.3509607080667738,pft_total_minutes_m09,resource_events_m11
10000,10007,72,0.3504449516290977,pft_visits_m10,resource_events_m10
10000,10007,73,0.347004594439297,pft_days_logged_m10,pft_days_logged_m12
10000,10007,74,0.3457227420600404,pft_total_minutes_m09,n_resource_days_m11
10000,10007,75,0.34483898847594396,pft_days_logged_m09,pft_days_logged_m10
10000,10007,76,0.34275320218887995,resource_events_m10,n_resource_days_m12
10000,10007,77,0.34222077558554265,pft_visits_m11,n_resource_days_m11
10000,10007,78,0.3417401825725417,pft_visits_m11,resource_events_m11
10000,10007,79,0.33915338397614114,resource_events_m09,resource_events_m11
10000,10007,80,0.3388315401840938,resource_events_m12,n_resource_days_m10
10000,10007,81,0.33750885388548735,pft_days_logged_m10,resource_events_m10
10000,10007,82,0.3374663781262619,n_resource_days_m10,n_resource_days_m11
10000,10007,83,0.33742943188298913,pft_days_logged_m11,pft_days_logged_m12
10000,10007,84,0.3361599830098845,pft_days_logged_m09,n_resource_days_m09
10000,10007,85,0.3339083457991858,resource_events_m12,n_resource_days_m11
10000,10007,86,0.33387469899554123,resource_events_m09,n_resource_days_m10
10000,10007,87,0.33348900852769425,pft_visits_m09,pft_visits_m11
10000,10007,88,0.33328018478858734,pft_days_logged_m11,pft_visits_m09
10000,10007,89,0.330790965255054,pft_days_logged_m11,resource_events_m11
10000,10007,90,0.32925521857509654,pft_total_minutes_m11,n_resource_days_m09
10000,10007,91,0.3219711149466917,resource_events_m11,n_resource_days_m12
10000,10007,92,0.3209909943045579,pft_visits_m12,n_resource_days_m12
10000,10007,93,0.31949462281657315,pft_days_logged_m09,pft_visits_m11
10000,10007,94,0.31945872213900195,resource_events_m10,n_resource_days_m09
10000,10007,95,0.3192594160595723,pft_total_minutes_m12,resource_events_m09
10000,10007,96,0.31450925279963116,pft_visits_m12,resource_events_m12
10000,10007,97,0.3137156751052048,n_resource_days_m09,n_resource_days_m10
10000,10007,98,0.3103614015351308,resource_events_m09,n_resource_days_m11
10000,10007,99,0.30925161727896633,n_resource_days_m10,n_resource_days_m12
10000,10007,100,0.30684649053241486,pft_days_logged_m09,pft_visits_m12
10000,10007,101,0.3066038605787549,n_resource_days_m11,n_resource_days_m12
10000,10007,102,0.30549249104611587,pft_visits_m09,pft_visits_m12
10000,10007,103,0.30036361744432405,resource_events_m11,n_resource_days_m09
10000,10007,104,0.30016554362976944,pft_days_logged_m09,pft_days_logged_m11
10000,10007,105,0.29941295981113836,pft_total_minutes_m09,resource_events_m12
10000,10007,106,0.2993116486615852,resource_events_m09,resource_events_m12
10000,10007,107,0.29809163394745664,pft_days_logged_m12,pft_visits_m09
10000,10007,108,0.29348115271167163,pft_days_logged_m12,resource_events_m12
10000,10007,109,0.292672345307464,pft_visits_m09,resource_events_m09
10000,10007,110,0.2863855246664926,pft_visits_m09,n_resource_days_m09
10000,10007,111,0.2861737643292743,pft_total_minutes_m12,n_resource_days_m09
10000,10007,112,0.2846153719834552,pft_days_logged_m09,resource_events_m09
10000,10007,113,0.28152165737489376,pft_days_logged_m10,pft_total_minutes_m11
10000,10007,114,0.281421721124139,pft_days_logged_m09,pft_days_logged_m12
10000,10007,115,0.28052798258879363,pft_total_minutes_m09,n_resource_days_m12
10000,10007,116,0.27937807548778615,pft_visits_m10,pft_total_minutes_m09
10000,10007,117,0.27766716383097023,pft_visits_m10,pft_total_minutes_m11
10000,10007,118,0.27664716772495357,pft_days_logged_m10,pft_total_minutes_m09
10000,10007,119,0.2764649260984351,pft_days_logged_m11,pft_total_minutes_m10
10000,10007,120,0.2708355722969733,n_resource_days_m09,n_resource_days_m11
10000,10007,121,0.26658844775826473,pft_visits_m12,pft_total_minutes_m10
10000,10007,122,0.26636882509080895,pft_visits_m11,pft_total_minutes_m10
10000,10007,123,0.2662105682126743,pft_visits_m10,pft_total_minutes_m12
10000,10007,124,0.2631050791954035,pft_visits_m12,pft_total_minutes_m11
10000,10007,125,0.2594443612491615,resource_events_m09,n_resource_days_m12
10000,10007,126,0.25929911620412227,pft_visits_m11,pft_total_minutes_m12
10000,10007,127,0.25697678206497976,pft_days_logged_m11,pft_total_minutes_m12
10000,10007,128,0.2569678873398553,pft_days_logged_m10,pft_total_minutes_m12
10000,10007,129,0.2567071563123431,resource_events_m12,n_resource_days_m09
10000,10007,130,0.25530562034004234,pft_days_logged_m12,pft_total_minutes_m10
10000,10007,131,0.25374180857379525,pft_days_logged_m12,pft_total_minutes_m11
10000,10007,132,0.24609788650227138,pft_days_logged_m09,pft_total_minutes_m10
10000,10007,133,0.24494837207407638,pft_visits_m09,pft_total_minutes_m10
10000,10007,134,0.24427705723480653,pft_visits_m11,pft_total_minutes_m09
10000,10007,135,0.2425816226419606,pft_days_logged_m11,pft_total_minutes_m09
10000,10007,136,0.23607344462207003,n_resource_days_m09,n_resource_days_m12
10000,10007,137,0.22748964073022204,pft_days_logged_m10,resource_events_m11
10000,10007,138,0.22686081998013563,pft_days_logged_m11,resource_events_m10
10000,10007,139,0.22139262165250617,pft_days_logged_m09,pft_total_minutes_m11
10000,10007,140,0.22122132742754097,pft_days_logged_m12,resource_events_m10
10000,10007,141,0.21775005971633288,pft_visits_m11,resource_events_m10
10000,10007,142,0.21728317561978372,pft_visits_m12,resource_events_m10
10000,10007,143,0.21669930212325106,pft_visits_m10,resource_events_m09
10000,10007,144,0.21579322849497995,pft_days_logged_m10,resource_events_m09
10000,10007,145,0.21540831531686422,pft_days_logged_m12,resource_events_m11
10000,10007,146,0.21520321325565028,pft_visits_m12,pft_total_minutes_m09
10000,10007,147,0.21337847726172754,pft_visits_m11,n_resource_days_m10
10000,10007,148,0.2133127011632201,pft_visits_m12,resource_events_m11
10000,10007,149,0.21302410011372874,pft_visits_m12,n_resource_days_m10
10000,10007,150,0.2127407333578235,pft_visits_m09,pft_total_minutes_m11
10000,10007,151,0.21065167929222728,pft_days_logged_m12,pft_total_minutes_m09
10000,10007,152,0.20861815417129037,pft_visits_m11,resource_events_m09
10000,10007,153,0.20786631893384033,pft_visits_m10,resource_events_m11
10000,10007,154,0.20722323307464485,pft_days_logged_m11,resource_events_m09
10000,10007,155,0.20334518464064733,pft_days_logged_m12,n_resource_days_m10
10000,10007,156,0.20322084116719896,pft_days_logged_m09,resource_events_m10
10000,10007,157,0.20321523531703267,pft_days_logged_m11,resource_events_m12
10000,10007,158,0.20111230370376187,pft_days_logged_m09,pft_total_minutes_m12
10000,10007,159,0.20074496887167204,pft_visits_m09,pft_total_minutes_m12
10000,10007,160,0.2006128756801715,pft_visits_m09,resource_events_m10
10000,10007,161,0.2006055582329589,pft_days_logged_m10,resource_events_m12
10000,10007,162,0.2001432068607052,pft_visits_m12,n_resource_days_m11
10000,10007,163,0.19985299940429258,pft_visits_m11,resource_events_m12
10000,10007,164,0.1991691777548894,pft_visits_m10,n_resource_days_m11
10000,10007,165,0.19912337926027046,pft_visits_m10,resource_events_m12
10000,10007,166,0.19780532238223447,pft_days_logged_m11,n_resource_days_m10
10000,10007,167,0.19736504747933292,pft_days_logged_m10,n_resource_days_m11
10000,10007,168,0.19711516156198972,pft_visits_m10,n_resource_days_m12
10000,10007,169,0.19636833503459883,pft_visits_m12,resource_events_m09
10000,10007,170,0.19483889673758448,pft_days_logged_m12,n_resource_days_m11
10000,10007,171,0.19452338845854555,pft_visits_m09,n_resource_days_m10
10000,10007,172,0.1927819754701794,pft_days_logged_m10,n_resource_days_m12
10000,10007,173,0.19219893575378943,pft_visits_m11,n_resource_days_m12
10000,10007,174,0.18815065208147974,pft_days_logged_m09,n_resource_days_m10
10000,10007,175,0.18691849172946284,pft_days_logged_m12,resource_events_m09
10000,10007,176,0.18555295924558912,pft_days_logged_m11,n_resource_days_m12
10000,10007,177,0.18323492215568749,pft_days_logged_m10,n_resource_days_m09
10000,10007,178,0.18278982770214558,pft_visits_m10,n_resource_days_m09
10000,10007,179,0.18148358721920665,pft_days_logged_m09,resource_events_m11
10000,10007,180,0.17789415333750558,pft_visits_m09,resource_events_m11
10000,10007,181,0.17494390237771817,pft_visits_m09,n_resource_days_m11
10000,10007,182,0.17101160248243552,pft_visits_m11,n_resource_days_m09
10000,10007,183,0.16563956394010493,pft_days_logged_m11,n_resource_days_m09
10000,10007,184,0.16253430829947568,pft_days_logged_m09,n_resource_days_m11
10000,10007,185,0.16119130458134645,pft_visits_m12,n_resource_days_m09
10000,10007,186,0.15944454579426282,pft_visits_m09,resource_events_m12
10000,10007,187,0.15803212856124738,pft_days_logged_m09,resource_events_m12
10000,10007,188,0.1514874431215958,pft_days_logged_m12,n_resource_days_m09
10000,10007,189,0.15017779332621295,pft_visits_m09,n_resource_days_m12
10000,10007,190,0.1467132668135056,pft_days_logged_m09,n_resource_days_m12
10000,10007,191,0.07522423843185777,pft_assignment_submissions_m10,pft_total_minutes_m10
10000,10007,192,0.07014151916755207,pft_assignment_submissions_m10,resource_events_m09
10000,10007,193,0.06923622638378824,pft_visits_m10,pft_assignment_submissions_m10
10000,10007,194,0.06890607540752125,pft_assignment_submissions_m10,resource_events_m10
10000,10007,195,0.06873289435270014,pft_assignment_submissions_m10,pft_total_minutes_m11
10000,10007,196,0.06848983714205215,pft_days_logged_m10,pft_assignment_submissions_m10
10000,10007,197,0.06823665559818082,pft_assignment_submissions_m11,pft_total_minutes_m11
10000,10007,198,0.06432272869749367,pft_assignment_submissions_m10,pft_total_minutes_m09
10000,10007,199,0.06358769821594912,pft_assignment_submissions_m11,resource_events_m09
10000,10007,200,0.06321687429134837,pft_visits_m10,pft_test_submissions_m10
10000,10007,201,0.06279762567981262,pft_visits_m09,pft_assignment_submissions_m10
10000,10007,202,0.06196729800322931,pft_assignment_submissions_m10,n_resource_days_m10
10000,10007,203,0.06168461351892951,pft_days_logged_m10,pft_assignment_submissions_m11
10000,10007,204,0.061507598536906016,pft_assignment_submissions_m11,resource_events_m11
10000,10007,205,0.06088889546205056,pft_days_logged_m10,pft_test_submissions_m10
10000,10007,206,0.060267509335699465,pft_assignment_submissions_m10,pft_total_minutes_m12
10000,10007,207,0.06000008297104831,pft_days_logged_m11,pft_assignment_submissions_m10
10000,10007,208,0.059377588040734786,pft_visits_m12,pft_assignment_submissions_m10
10000,10007,209,0.058531304605228485,pft_days_logged_m11,pft_assignment_submissions_m11
10000,10007,210,0.05822711571701067,pft_visits_m11,pft_assignment_submissions_m11
10000,10007,211,0.057284892566704215,pft_assignment_submissions_m11,pft_total_minutes_m10
10000,10007,212,0.05721837434366961,pft_visits_m09,pft_test_submissions_m10
10000,10007,213,0.05704403798069624,pft_assignment_submissions_m11,pft_total_minutes_m12
10000,10007,214,0.05638437990615941,pft_visits_m11,pft_assignment_submissions_m10
10000,10007,215,0.05516001318699004,pft_days_logged_m11,pft_test_submissions_m11
10000,10007,216,0.055021348300969386,pft_days_logged_m09,pft_test_submissions_m10
10000,10007,217,0.054857633699093356,pft_days_logged_m12,pft_assignment_submissions_m10
10000,10007,218,0.054669419581617085,pft_days_logged_m11,pft_test_submissions_m10
10000,10007,219,0.05463474566355053,pft_visits_m10,pft_assignment_submissions_m11
10000,10007,220,0.05458923450371955,pft_days_logged_m09,pft_assignment_submissions_m10
10000,10007,221,0.05399944318721683,pft_assignment_submissions_m10,resource_events_m11
10000,10007,222,0.05357006083880389,pft_visits_m09,pft_test_submissions_m11
10000,10007,223,0.05338190977414259,pft_assignment_submissions_m11,pft_total_minutes_m09
10000,10007,224,0.052454975246920554,pft_visits_m09,pft_assignment_submissions_m11
10000,10007,225,0.05244557521332016,pft_assignment_submissions_m11,n_resource_days_m11
10000,10007,226,0.05232549043018064,pft_test_submissions_m10,pft_total_minutes_m10
10000,10007,227,0.05223526970853154,pft_visits_m10,pft_test_submissions_m11
10000,10007,228,0.05210185851796467,pft_days_logged_m09,pft_test_submissions_m11
10000,10007,229,0.05135703609711495,pft_assignment_submissions_m09,resource_events_m09
10000,10007,230,0.05101324845547506,pft_days_logged_m12,pft_test_submissions_m10
10000,10007,231,0.050937069748035135,pft_visits_m12,pft_test_submissions_m10
10000,10007,232,0.04972311348205949,pft_test_submissions_m10,pft_test_submissions_m11
10000,10007,233,0.04926953893189978,pft_days_logged_m10,pft_test_submissions_m11
10000,10007,234,0.0492262005909847,pft_test_submissions_m11,resource_events_m09
10000,10007,235,0.049139069257856605,pft_test_submissions_m09,resource_events_m09
10000,10007,236,0.04907036436562784,pft_assignment_submissions_m11,resource_events_m10
10000,10007,237,0.04881199916076895,pft_days_logged_m12,pft_assignment_submissions_m11
10000,10007,238,0.048756451128303624,pft_visits_m12,pft_assignment_submissions_m11
10000,10007,239,0.04856748979386971,pft_assignment_submissions_m11,n_resource_days_m10
10000,10007,240,0.04835169905274528,pft_test_submissions_m11,pft_total_minutes_m11
10000,10007,241,0.0481770121155094,pft_test_submissions_m12,pft_total_minutes_m12
10000,10007,242,0.048082315620263216,pft_visits_m11,pft_test_submissions_m10
10000,10007,243,0.04727185632765174,pft_test_submissions_m10,resource_events_m10
10000,10007,244,0.04710035729744133,pft_test_submissions_m10,pft_total_minutes_m09
10000,10007,245,0.04681634354346098,pft_visits_m11,pft_test_submissions_m11
10000,10007,246,0.046224623401838194,pft_test_submissions_m11,pft_total_minutes_m10
10000,10007,247,0.044871863065378825,pft_test_submissions_m12,resource_events_m09
10000,10007,248,0.04480579468950552,pft_assignment_submissions_m10,pft_assignment_submissions_m11
10000,10007,249,0.044647290314418164,pft_assignment_submissions_m12,resource_events_m09
10000,10007,250,0.04424783031580137,pft_days_logged_m09,pft_assignment_submissions_m11
10000,10007,251,0.043996112269993226,pft_test_submissions_m11,resource_events_m11
10000,10007,252,0.04398925839811252,pft_assignment_submissions_m11,resource_events_m12
10000,10007,253,0.04365363779039466,pft_assignment_submissions_m10,n_resource_days_m09
10000,10007,254,0.04355734220216867,pft_test_submissions_m11,pft_total_minutes_m09
10000,10007,255,0.04330536910030691,pft_visits_m12,pft_test_submissions_m12
10000,10007,256,0.043021606906286536,pft_test_submissions_m10,resource_events_m09
10000,10007,257,0.04279586195513385,pft_days_logged_m10,pft_test_submissions_m12
10000,10007,258,0.04267835289183797,pft_assignment_submissions_m10,n_resource_days_m12
10000,10007,259,0.04262916214293888,pft_visits_m09,pft_test_submissions_m12
10000,10007,260,0.04243105116889634,pft_assignment_submissions_m10,resource_events_m12
10000,10007,261,0.04231978220182686,pft_days_logged_m12,pft_assignment_submissions_m12
10000,10007,262,0.04231193569585745,pft_visits_m10,pft_test_submissions_m12
10000,10007,263,0.042195714541582774,pft_test_submissions_m09,pft_test_submissions_m10
10000,10007,264,0.042191173585774955,pft_assignment_submissions_m11,n_resource_days_m09
10000,10007,265,0.04217554703736148,pft_assignment_submissions_m12,pft_total_minutes_m12
10000,10007,266,0.04207193667097586,pft_test_submissions_m10,pft_total_minutes_m12
10000,10007,267,0.042052408729898794,pft_assignment_submissions_m10,n_resource_days_m11
10000,10007,268,0.041953848799228144,pft_test_submissions_m12,pft_total_minutes_m09
10000,10007,269,0.04169150749040185,pft_days_logged_m09,pft_test_submissions_m12
10000,10007,270,0.04163849666590469,pft_test_submissions_m10,pft_test_submissions_m12
10000,10007,271,0.04151927044678683,pft_test_submissions_m09,pft_total_minutes_m09
10000,10007,272,0.04129709950499816,pft_days_logged_m12,pft_test_submissions_m11
10000,10007,273,0.041141423028716595,pft_visits_m12,pft_test_submissions_m11
10000,10007,274,0.04054329977581528,pft_visits_m09,pft_test_submissions_m09
10000,10007,275,0.040510802964050185,pft_test_submissions_m12,pft_total_minutes_m10
10000,10007,276,0.040014913926676776,pft_assignment_submissions_m10,pft_assignment_submissions_m12
10000,10007,277,0.03998870333685112,pft_test_submissions_m12,resource_events_m11
10000,10007,278,0.03997638217935062,pft_visits_m12,pft_assignment_submissions_m12
10000,10007,279,0.03987644624725295,pft_assignment_submissions_m12,resource_events_m12
10000,10007,280,0.039813476576461504,pft_assignment_submissions_m12,n_resource_days_m12
10000,10007,281,0.039314345432972075,pft_test_submissions_m11,pft_test_submissions_m12
10000,10007,282,0.03899430855359265,pft_test_submissions_m12,pft_total_minutes_m11
10000,10007,283,0.03880806643151402,pft_test_submissions_m11,resource_events_m10
10000,10007,284,0.03863443178955439,pft_days_logged_m12,pft_test_submissions_m12
10000,10007,285,0.03841482296034204,pft_test_submissions_m09,resource_events_m11
10000,10007,286,0.03771981920610301,pft_days_logged_m11,pft_test_submissions_m12
10000,10007,287,0.03771947834796929,pft_days_logged_m10,pft_assignment_submissions_m12
10000,10007,288,0.037437532794435846,pft_assignment_submissions_m12,pft_total_minutes_m11
10000,10007,289,0.03738959950974685,pft_test_submissions_m12,n_resource_days_m12
10000,10007,290,0.03718165916888516,pft_test_submissions_m10,pft_total_minutes_m11
10000,10007,291,0.03695179442465513,pft_days_logged_m11,pft_assignment_submissions_m12
10000,10007,292,0.03636000409627149,pft_test_submissions_m11,pft_total_minutes_m12
10000,10007,293,0.03588050258728126,pft_assignment_submissions_m09,pft_total_minutes_m09
10000,10007,294,0.035507478616275456,pft_test_submissions_m12,resource_events_m10
10000,10007,295,0.035360820725951925,pft_test_submissions_m10,resource_events_m12
10000,10007,296,0.03484926535417188,pft_test_submissions_m09,pft_total_minutes_m10
10000,10007,297,0.03467444492125438,pft_days_logged_m09,pft_assignment_submissions_m12
10000,10007,298,0.034631047100857515,pft_assignment_submissions_m12,resource_events_m11
10000,10007,299,0.03446384970004157,pft_test_submissions_m10,resource_events_m11
10000,10007,300,0.0344611753626447,pft_test_submissions_m10,n_resource_days_m12
10000,10007,301,0.03434598922617926,pft_test_submissions_m12,n_resource_days_m10
10000,10007,302,0.03389506836502587,pft_assignment_submissions_m11,n_resource_days_m12
10000,10007,303,0.03385908097286183,pft_test_submissions_m11,n_resource_days_m11
10000,10007,304,0.03378881816241197,pft_visits_m09,pft_assignment_submissions_m12
10000,10007,305,0.03356154167239733,pft_assignment_submissions_m12,pft_total_minutes_m09
10000,10007,306,0.033447019323405325,pft_assignment_submissions_m12,pft_total_minutes_m10
10000,10007,307,0.033419482640668186,pft_days_logged_m09,pft_test_submissions_m09
10000,10007,308,0.03317571890894033,pft_test_submissions_m12,resource_events_m12
10000,10007,309,0.03289992985646961,pft_test_submissions_m11,resource_events_m12
10000,10007,310,0.03279038317015015,pft_test_submissions_m09,pft_test_submissions_m11
10000,10007,311,0.03266105580803469,pft_visits_m09,pft_assignment_submissions_m09
10000,10007,312,0.03255003612549601,pft_visits_m10,pft_assignment_submissions_m12
10000,10007,313,0.03233109466266182,pft_test_submissions_m10,n_resource_days_m10
10000,10007,314,0.03225025804410553,pft_test_submissions_m11,n_resource_days_m10
10000,10007,315,0.032123853027754556,pft_test_submissions_m11,n_resource_days_m12
10000,10007,316,0.03175029079165004,pft_test_submissions_m10,n_resource_days_m11
10000,10007,317,0.03172185504728908,pft_test_submissions_m11,n_resource_days_m09
10000,10007,318,0.031371538099745244,pft_assignment_submissions_m09,resource_events_m11
10000,10007,319,0.029488033209474906,pft_days_logged_m09,pft_assignment_submissions_m09
10000,10007,320,0.029390567209190088,pft_test_submissions_m09,resource_events_m10
10000,10007,321,0.029384153899837173,pft_assignment_submissions_m12,n_resource_days_m10
10000,10007,322,0.02933274570452138,pft_days_logged_m11,pft_test_submissions_m09
10000,10007,323,0.028969365878846354,pft_test_submissions_m09,pft_total_minutes_m11
10000,10007,324,0.028939288153800646,pft_days_logged_m10,pft_test_submissions_m09
10000,10007,325,0.028532598921600094,pft_assignment_submissions_m09,pft_total_minutes_m10
10000,10007,326,0.02852079363727622,pft_assignment_submissions_m12,resource_events_m10
10000,10007,327,0.028452384524259244,pft_test_submissions_m09,n_resource_days_m09
10000,10007,328,0.028385502372878513,pft_test_submissions_m12,n_resource_days_m09
10000,10007,329,0.027804292825227783,pft_assignment_submissions_m11,pft_assignment_submissions_m12
10000,10007,330,0.027662751043290523,pft_test_submissions_m09,pft_total_minutes_m12
10000,10007,331,0.02735379587036757,pft_visits_m11,pft_test_submissions_m12
10000,10007,332,0.026907754457917932,pft_visits_m11,pft_assignment_submissions_m12
10000,10007,333,0.02647320053223723,pft_test_submissions_m10,n_resource_days_m09
10000,10007,334,0.02632621696051629,pft_test_submissions_m12,n_resource_days_m11
10000,10007,335,0.025269111668140276,pft_test_submissions_m09,n_resource_days_m11
10000,10007,336,0.02499816994468418,pft_assignment_submissions_m09,pft_assignment_submissions_m10
10000,10007,337,0.024179418726371082,pft_test_submissions_m09,n_resource_days_m10
10000,10007,338,0.02392093129214956,pft_assignment_submissions_m12,n_resource_days_m11
10000,10007,339,0.023499170508938683,pft_test_submissions_m09,resource_events_m12
10000,10007,340,0.023269074868421225,pft_assignment_submissions_m09,pft_total_minutes_m11
10000,10007,341,0.023025431030254673,pft_test_submissions_m09,pft_test_submissions_m12
10000,10007,342,0.021176988110980233,pft_test_submissions_m09,n_resource_days_m12
10000,10007,343,0.02090710253201955,pft_assignment_submissions_m09,n_resource_days_m09
10000,10007,344,0.020590970636933825,pft_days_logged_m10,pft_assignment_submissions_m09
10000,10007,345,0.0205033574011404,pft_days_logged_m12,pft_test_submissions_m09
10000,10007,346,0.020418289911344978,pft_assignment_submissions_m09,n_resource_days_m10
10000,10007,347,0.020060283629604214,pft_assignment_submissions_m12,n_resource_days_m09
10000,10007,348,0.019971775821448823,pft_days_logged_m11,pft_assignment_submissions_m09
10000,10007,349,0.01986187969001607,pft_assignment_submissions_m09,pft_total_minutes_m12
10000,10007,350,0.019811926924046652,pft_visits_m10,pft_test_submissions_m09
10000,10007,351,0.019211169676101036,pft_assignment_submissions_m09,resource_events_m10
10000,10007,352,0.01884177801566711,pft_visits_m12,pft_test_submissions_m09
10000,10007,353,0.01838556591486107,pft_assignment_submissions_m09,n_resource_days_m11
10000,10007,354,0.015272620791394687,pft_assignment_submissions_m09,pft_assignment_submissions_m11
10000,10007,355,0.014805708504623816,pft_assignment_submissions_m09,n_resource_days_m12
10000,10007,356,0.014228898971953008,pft_visits_m11,pft_test_submissions_m09
10000,10007,357,0.014131986570452781,pft_assignment_submissions_m09,resource_events_m12
10000,10007,358,0.01386400602241089,pft_visits_m10,pft_assignment_submissions_m09
10000,10007,359,0.013719256907855915,pft_assignment_submissions_m11,pft_test_submissions_m11
10000,10007,360,0.01362164704537161,dedicacion,pft_visits_m09
10000,10007,361,0.013254381869450604,pft_assignment_submissions_m09,pft_assignment_submissions_m12
10000,10007,362,0.013034118291405328,pft_assignment_submissions_m10,pft_test_submissions_m09
10000,10007,363,0.012118443255459965,pft_assignment_submissions_m10,pft_test_submissions_m10
10000,10007,364,0.011721373746910402,pft_assignment_submissions_m10,pft_test_submissions_m11
10000,10007,365,0.011657888406769956,pft_assignment_submissions_m11,pft_test_submissions_m09
10000,10007,366,0.011083708188973418,pft_days_logged_m12,pft_assignment_submissions_m09
10000,10007,367,0.01097082454136089,pft_assignment_submissions_m12,pft_test_submissions_m10
10000,10007,368,0.009707678649022,pft_visits_m12,pft_assignment_submissions_m09
10000,10007,369,0.008412845293130466,pft_assignment_submissions_m10,pft_test_submissions_m12
10000,10007,370,0.00813186096346552,dedicacion,resource_events_m09
10000,10007,371,0.007772653677647234,pft_assignment_submissions_m11,pft_test_submissions_m10
10000,10007,372,0.007643616014807009,pft_assignment_submissions_m11,pft_test_submissions_m12
10000,10007,373,0.006765587770930281,pft_assignment_submissions_m09,pft_test_submissions_m10
10000,10007,374,0.005987660839225306,dedicacion,pft_days_logged_m10
10000,10007,375,0.0059454682168462725,pft_assignment_submissions_m09,pft_test_submissions_m12
10000,10007,376,0.005136321099701746,pft_visits_m11,pft_assignment_submissions_m09
10000,10007,377,0.005079820718449035,pft_assignment_submissions_m09,pft_test_submissions_m11
10000,10007,378,0.005064489835240771,dedicacion,pft_assignment_submissions_m10
10000,10007,379,0.004779338063852556,dedicacion,pft_test_submissions_m09
10000,10007,380,0.004681104270591874,pft_assignment_submissions_m12,pft_test_submissions_m11
10000,10007,381,0.004525853807175295,dedicacion,resource_events_m12
10000,10007,382,0.003913950783750675,dedicacion,pft_total_minutes_m09
10000,10007,383,0.003665242630823684,dedicacion,pft_days_logged_m11
10000,10007,384,0.0033096520320112788,dedicacion,n_resource_days_m12
10000,10007,385,0.002928096290451876,dedicacion,pft_assignment_submissions_m09
10000,10007,386,0.0023469244579725768,dedicacion,n_resource_days_m11
10000,10007,387,0.0020717805854806315,dedicacion,pft_days_logged_m09
10000,10007,388,0.0020541434015020066,dedicacion,pft_total_minutes_m12
10000,10007,389,0.0019918062452992658,dedicacion,resource_events_m10
10000,10007,390,0.0019375918894022348,pft_assignment_submissions_m12,pft_test_submissions_m09
10000,10007,391,0.0016961830136668077,dedicacion,pft_total_minutes_m10
10000,10007,392,0.0005412685955752394,dedicacion,pft_visits_m10
10000,10007,393,0.0005392296059785195,dedicacion,pft_test_submissions_m12
10000,10007,394,0.0,dedicacion,n_resource_days_m09
10000,10007,395,0.0,dedicacion,n_resource_days_m10
10000,10007,396,0.0,dedicacion,pft_assignment_submissions_m11
10000,10007,397,0.0,dedicacion,pft_assignment_submissions_m12
10000,10007,398,0.0,dedicacion,pft_days_logged_m12
10000,10007,399,0.0,dedicacion,pft_test_submissions_m10
10000,10007,400,0.0,dedicacion,pft_test_submissions_m11
10000,10007,401,0.0,dedicacion,pft_total_minutes_m11
10000,10007,402,0.0,dedicacion,pft_visits_m11
10000,10007,403,0.0,dedicacion,pft_visits_m12
10000,10007,404,0.0,dedicacion,resource_events_m11
10000,10007,405,0.0,pft_assignment_submissions_m09,pft_test_submissions_m09
10000,10007,406,0.0,pft_assignment_submissions_m12,pft_test_submissions_m12
100000,100002,1,0.7925201155051029,pft_days_logged_m10,pft_visits_m10
100000,100002,2,0.7792021348519489,pft_days_logged_m09,pft_visits_m09
100000,100002,3,0.7697440256277153,pft_days_logged_m11,pft_visits_m11
100000,100002,4,0.705466691653756,pft_days_logged_m12,pft_visits_m12
100000,100002,5,0.7003634411977337,pft_total_minutes_m10,resource_events_m10
100000,100002,6,0.698682640853189,resource_events_m10,n_resource_days_m10
100000,100002,7,0.6915688714557318,pft_visits_m10,pft_total_minutes_m10
100000,100002,8,0.6851289501939481,pft_total_minutes_m10,n_resource_days_m10
100000,100002,9,0.6824416446070707,pft_total_minutes_m11,resource_events_m11
100000,100002,10,0.6807621286125523,resource_events_m11,n_resource_days_m11
100000,100002,11,0.6745654139049595,pft_visits_m09,pft_total_minutes_m09
100000,100002,12,0.6709109668218343,pft_visits_m11,pft_total_minutes_m11
100000,100002,13,0.6625455121254795,pft_total_minutes_m11,n_resource_days_m11
100000,100002,14,0.6464604891362624,resource_events_m09,n_resource_days_m09
100000,100002,15,0.6413591903912845,pft_total_minutes_m12,resource_events_m12
100000,100002,16,0.6376873041135029,resource_events_m12,n_resource_days_m12
100000,100002,17,0.6268248369867138,pft_visits_m12,pft_total_minutes_m12
100000,100002,18,0.6102087282667794,pft_total_minutes_m09,resource_events_m09
100000,100002,19,0.6077663868648928,pft_days_logged_m09,pft_total_minutes_m09
100000,100002,20,0.6072450476703901,pft_total_minutes_m12,n_resource_days_m12
100000,100002,21,0.6042954226454116,pft_days_logged_m10,pft_total_minutes_m10
100000,100002,22,0.5915946731498298,pft_total_minutes_m09,n_resource_days_m09
100000,100002,23,0.5880899132239579,pft_days_logged_m11,pft_total_minutes_m11
100000,100002,24,0.5514048637085134,pft_days_logged_m12,pft_total_minutes_m12
100000,100002,25,0.5424287540190207,pft_total_minutes_m10,pft_total_minutes_m11
100000,100002,26,0.5122671174873039,pft_total_minutes_m11,pft_total_minutes_m12
100000,100002,27,0.506683983998955,pft_total_minutes_m10,pft_total_minutes_m12
100000,100002,28,0.4976721614990405,pft_total_minutes_m09,pft_total_minutes_m10
100000,100002,29,0.4695954802049984,pft_total_minutes_m11,resource_events_m10
100000,100002,30,0.45402131530223055,pft_total_minutes_m09,pft_total_minutes_m11
100000,100002,31,0.45307909446125016,pft_total_minutes_m10,resource_events_m11
100000,100002,32,0.4433378760707516,resource_events_m10,resource_events_m11
100000,100002,33,0.44127129122367403,pft_total_minutes_m12,resource_events_m10
100000,100002,34,0.44064804121389134,pft_total_minutes_m12,resource_events_m11
100000,100002,35,0.42390263562127917,pft_total_minutes_m11,n_resource_days_m10
100000,100002,36,0.42283838619118086,pft_total_minutes_m11,resource_events_m12
100000,100002,37,0.4219267498013428,pft_total_minutes_m10,resource_events_m12
100000,100002,38,0.41846467810503274,pft_total_minutes_m09,resource_events_m10
100000,100002,39,0.4174007798572337,pft_visits_m10,pft_visits_m11
100000,100002,40,0.41417513672619943,pft_total_minutes_m10,resource_events_m09
100000,100002,41,0.412232593040077,pft_total_minutes_m10,n_resource_days_m11
100000,100002,42,0.408404174840884,resource_events_m10,resource_events_m12
100000,100002,43,0.4040755731083836,pft_total_minutes_m09,pft_total_minutes_m12
100000,100002,44,0.4025979718121082,resource_events_m11,resource_events_m12
100000,100002,45,0.39826007461282487,pft_total_minutes_m12,n_resource_days_m10
100000,100002,46,0.3972030583341448,pft_total_minutes_m12,n_resource_days_m11
100000,100002,47,0.39551044511208566,pft_visits_m11,pft_visits_m12
100000,100002,48,0.39414653987926407,resource_events_m09,resource_events_m10
100000,100002,49,0.3938845940372815,pft_visits_m10,pft_visits_m12
100000,100002,50,0.3931025339382668,pft_days_logged_m10,pft_visits_m11
100000,100002,51,0.39165258908491385,pft_days_logged_m11,pft_visits_m10
100000,100002,52,0.3916314426375802,pft_days_logged_m10,n_resource_days_m10
100000,100002,53,0.38659695680635586,pft_total_minutes_m11,resource_events_m09
100000,100002,54,0.38619982928671437,pft_total_minutes_m09,resource_events_m11
100000,100002,55,0.3847251004730774,pft_total_minutes_m09,n_resource_days_m10
100000,100002,56,0.3806562599367851,pft_days_logged_m11,n_resource_days_m11
100000,100002,57,0.3783374085247617,resource_events_m10,n_resource_days_m11
100000,100002,58,0.37765804854341933,pft_days_logged_m10,pft_days_logged_m11
100000,100002,59,0.37628577493003323,pft_visits_m09,pft_visits_m10
100000,100002,60,0.3732270020871855,resource_events_m11,n_resource_days_m10
100000,100002,61,0.3732073068868882,pft_total_minutes_m10,n_resource_days_m12
100000,100002,62,0.37161914902658655,pft_days_logged_m12,pft_visits_m11
100000,100002,63,0.3714740796102749,pft_total_minutes_m11,n_resource_days_m12
100000,100002,64,0.370599836675229,pft_days_logged_m11,pft_visits_m12
100000,100002,65,0.368170356435396,pft_days_logged_m12,pft_visits_m10
100000,100002,66,0.3661158497381125,pft_days_logged_m10,pft_visits_m12
100000,100002,67,0.36368420194109685,resource_events_m09,resource_events_m11
100000,100002,68,0.36237742423426766,pft_total_minutes_m10,n_resource_days_m09
100000,100002,69,0.3568658086503529,pft_days_logged_m10,pft_visits_m09
100000,100002,70,0.3552928697045914,pft_visits_m10,n_resource_days_m10
100000,100002,71,0.3544213397805871,pft_total_minutes_m09,n_resource_days_m11
100000,100002,72,0.3513998365957711,pft_days_logged_m11,pft_days_logged_m12
100000,100002,73,0.35035326202747363,pft_total_minutes_m12,resource_events_m09
100000,100002,74,0.3491913405503757,pft_days_logged_m10,pft_days_logged_m12
100000,100002,75,0.34766621053701563,resource_events_m12,n_resource_days_m10
100000,100002,76,0.3474754196315155,pft_visits_m09,pft_visits_m11
100000,100002,77,0.3473852385841987,pft_total_minutes_m09,resource_events_m12
100000,100002,78,0.3466249667025849,pft_visits_m10,resource_events_m10
100000,100002,79,0.344906852894848,pft_visits_m11,n_resource_days_m11
100000,100002,80,0.34465406531249343,resource_events_m10,n_resource_days_m12
100000,100002,81,0.34425871778066064,pft_days_logged_m12,n_resource_days_m12
100000,100002,82,0.3440226053134676,resource_events_m12,n_resource_days_m11
100000,100002,83,0.3435369086929825,pft_days_logged_m09,pft_visits_m10
100000,100002,84,0.3417596231470368,pft_visits_m11,resource_events_m11
100000,100002,85,0.3409321635076692,resource_events_m09,n_resource_days_m10
100000,100002,86,0.33859299563791456,n_resource_days_m10,n_resource_days_m11
100000,100002,87,0.338433773383259,pft_total_minutes_m11,n_resource_days_m09
100000,100002,88,0.3364488571647968,pft_days_logged_m09,n_resource_days_m09
100000,100002,89,0.3361207777208497,resource_events_m11,n_resource_days_m12
100000,100002,90,0.332535235597077,pft_days_logged_m09,pft_days_logged_m10
100000,100002,91,0.33032286719082826,pft_days_logged_m11,pft_visits_m09
100000,100002,92,0.32400301858712854,resource_events_m10,n_resource_days_m09
100000,100002,93,0.3219154620253599,pft_days_logged_m09,pft_visits_m11
100000,100002,94,0.32153091103707343,pft_days_logged_m10,resource_events_m10
100000,100002,95,0.32066046488725153,resource_events_m09,resource_events_m12
100000,100002,96,0.31822457620649836,pft_visits_m09,pft_visits_m12
100000,100002,97,0.3158848467584088,resource_events_m09,n_resource_days_m11
100000,100002,98,0.31498847873582925,pft_days_logged_m11,resource_events_m11
100000,100002,99,0.31156935195653723,pft_visits_m12,resource_events_m12
100000,100002,100,0.31148220848134844,pft_visits_m12,n_resource_days_m12
100000,100002,101,0.31014546568297074,pft_days_logged_m09,pft_days_logged_m11
100000,100002,102,0.30756652032290166,n_resource_days_m10,n_resource_days_m12
100000,100002,103,0.3051251243205888,pft_total_minutes_m12,n_resource_days_m09
100000,100002,104,0.3049810330060234,pft_total_minutes_m09,n_resource_days_m12
100000,100002,105,0.30342841435344603,resource_events_m11,n_resource_days_m09
100000,100002,106,0.30092275903096066,n_resource_days_m11,n_resource_days_m12
100000,100002,107,0.3002727671644285,pft_days_logged_m12,pft_visits_m09
100000,100002,108,0.29732011475903697,n_resource_days_m09,n_resource_days_m10
100000,100002,109,0.2965399227821317,pft_visits_m09,resource_events_m09
100000,100002,110,0.29637683150942085,pft_days_logged_m09,pft_visits_m12
100000,100002,111,0.2962227945015412,pft_visits_m09,n_resource_days_m09
100000,100002,112,0.2892315968446324,pft_visits_m10,pft_total_minutes_m11
100000,100002,113,0.2874799612988337,pft_days_logged_m12,resource_events_m12
100000,100002,114,0.2851001610511652,pft_visits_m11,pft_total_minutes_m10
100000,100002,115,0.28020389340113194,pft_days_logged_m10,pft_total_minutes_m11
100000,100002,116,0.27849926321893914,pft_visits_m12,pft_total_minutes_m11
100000,100002,117,0.2784754315140159,pft_days_logged_m09,resource_events_m09
100000,100002,118,0.27731901380586965,pft_days_logged_m09,pft_days_logged_m12
100000,100002,119,0.2769601269133348,pft_visits_m11,pft_total_minutes_m12
100000,100002,120,0.27565797007924786,pft_visits_m10,pft_total_minutes_m09
100000,100002,121,0.27448543233282585,pft_days_logged_m11,pft_total_minutes_m10
100000,100002,122,0.2732654799522285,pft_visits_m10,pft_total_minutes_m12
100000,100002,123,0.2726627923774174,n_resource_days_m09,n_resource_days_m11
100000,100002,124,0.27250348180536044,pft_visits_m12,pft_total_minutes_m10
100000,100002,125,0.27071085471488754,pft_days_logged_m12,pft_total_minutes_m11
100000,100002,126,0.26790853514050283,pft_days_logged_m10,pft_total_minutes_m09
100000,100002,127,0.2676120686195613,resource_events_m09,n_resource_days_m12
100000,100002,128,0.2675515133211901,pft_days_logged_m11,pft_total_minutes_m12
100000,100002,129,0.26727988595280205,resource_events_m12,n_resource_days_m09
100000,100002,130,0.262468916394929,pft_days_logged_m10,pft_total_minutes_m12
100000,100002,131,0.2608388794288823,pft_days_logged_m12,pft_total_minutes_m10
100000,100002,132,0.25222201921731013,pft_visits_m09,pft_total_minutes_m10
100000,100002,133,0.24946438326373332,pft_visits_m11,pft_total_minutes_m09
100000,100002,134,0.24203684437028805,pft_days_logged_m11,pft_total_minutes_m09
100000,100002,135,0.2360085170546542,pft_days_logged_m09,pft_total_minutes_m10
100000,100002,136,0.23273491018832093,pft_visits_m09,pft_total_minutes_m11
100000,100002,137,0.2318111241052172,pft_visits_m11,resource_events_m10
100000,100002,138,0.2310537725907933,n_resource_days_m09,n_resource_days_m12
100000,100002,139,0.23046597453392703,pft_visits_m12,pft_total_minutes_m09
100000,100002,140,0.22808569462947048,pft_visits_m10,resource_events_m11
100000,100002,141,0.224784680214956,pft_visits_m12,resource_events_m11
100000,100002,142,0.22267153498767556,pft_visits_m12,resource_events_m10
100000,100002,143,0.2211155539045251,pft_days_logged_m11,resource_events_m10
100000,100002,144,0.21965777905713768,pft_days_logged_m09,pft_total_minutes_m11
100000,100002,145,0.21883281070089655,pft_days_logged_m12,pft_total_minutes_m09
100000,100002,146,0.2187686637369355,pft_days_logged_m10,resource_events_m11
100000,100002,147,0.21566172061908162,pft_visits_m10,resource_events_m09
100000,100002,148,0.21322318464243928,pft_days_logged_m12,resource_events_m10
100000,100002,149,0.21244652411805376,pft_visits_m10,resource_events_m12
100000,100002,150,0.21125133885475655,pft_days_logged_m12,resource_events_m11
100000,100002,151,0.21058328409261673,pft_visits_m11,resource_events_m12
100000,100002,152,0.21053900922516533,pft_visits_m09,pft_total_minutes_m12
100000,100002,153,0.2092438611764731,pft_visits_m11,n_resource_days_m10
100000,100002,154,0.2069564057389579,pft_days_logged_m10,resource_events_m09
100000,100002,155,0.2040957031877353,pft_visits_m10,n_resource_days_m11
100000,100002,156,0.20356286866282947,pft_days_logged_m10,resource_events_m12
100000,100002,157,0.20288944292857813,pft_days_logged_m11,resource_events_m12
100000,100002,158,0.2009856519018154,pft_visits_m12,n_resource_days_m11
100000,100002,159,0.20081645544376858,pft_visits_m09,resource_events_m10
100000,100002,160,0.2004750323106279,pft_visits_m11,resource_events_m09
100000,100002,161,0.1998669433498872,pft_visits_m12,n_resource_days_m10
100000,100002,162,0.19961492466589625,pft_days_logged_m09,pft_total_minutes_m12
100000,100002,163,0.198527269659035,pft_days_logged_m10,n_resource_days_m11
100000,100002,164,0.19742712380205774,pft_days_logged_m11,n_resource_days_m10
100000,100002,165,0.19318210641649447,pft_days_logged_m12,n_resource_days_m10
100000,100002,166,0.19240979780106215,pft_days_logged_m11,resource_events_m09
100000,100002,167,0.1913028942754833,pft_days_logged_m12,n_resource_days_m11
100000,100002,168,0.1896385014325519,pft_visits_m09,resource_events_m11
100000,100002,169,0.18835532878296668,pft_days_logged_m09,resource_events_m10
100000,100002,170,0.18614914632322588,pft_visits_m10,n_resource_days_m12
100000,100002,171,0.1853513163747671,pft_visits_m09,n_resource_days_m10
100000,100002,172,0.18373453515251637,pft_visits_m11,n_resource_days_m12
100000,100002,173,0.1837246436393567,pft_visits_m12,resource_events_m09
100000,100002,174,0.18268546795436436,pft_visits_m10,n_resource_days_m09
100000,100002,175,0.1783222514133893,pft_days_logged_m09,resource_events_m11
100000,100002,176,0.176497200100882,pft_days_logged_m11,n_resource_days_m12
100000,100002,177,0.17630423397247874,pft_days_logged_m09,n_resource_days_m10
100000,100002,178,0.1754313106318417,pft_days_logged_m10,n_resource_days_m12
100000,100002,179,0.17451883620136144,pft_days_logged_m10,n_resource_days_m09
100000,100002,180,0.17307964263696363,pft_days_logged_m12,resource_events_m09
100000,100002,181,0.17196066615762362,pft_visits_m09,n_resource_days_m11
100000,100002,182,0.16869741338710753,pft_visits_m11,n_resource_days_m09
100000,100002,183,0.16702117028103913,pft_visits_m09,resource_events_m12
100000,100002,184,0.16409699499020292,pft_days_logged_m11,n_resource_days_m09
100000,100002,185,0.16321458150647672,pft_days_logged_m09,n_resource_days_m11
100000,100002,186,0.15769010189520039,pft_days_logged_m09,resource_events_m12
100000,100002,187,0.15490823462328418,pft_visits_m12,n_resource_days_m09
100000,100002,188,0.1484782297506948,pft_days_logged_m12,n_resource_days_m09
100000,100002,189,0.14281921284557075,pft_visits_m09,n_resource_days_m12
100000,100002,190,0.1356447466241315,pft_days_logged_m09,n_resource_days_m12
100000,100002,191,0.07714026910631677,pft_visits_m10,pft_assignment_submissions_m10
100000,100002,192,0.07410289334268061,pft_visits_m11,pft_assignment_submissions_m11
100000,100002,193,0.07293736398325557,pft_days_logged_m10,pft_assignment_submissions_m10
100000,100002,194,0.0704223493281102,pft_days_logged_m11,pft_assignment_submissions_m11
100000,100002,195,0.06894829652517842,pft_visits_m11,pft_assignment_submissions_m10
100000,100002,196,0.06784464009439262,pft_visits_m10,pft_test_submissions_m10
100000,100002,197,0.06781660247759369,pft_days_logged_m11,pft_assignment_submissions_m10
100000,100002,198,0.06720802163802464,pft_visits_m11,pft_test_submissions_m11
100000,100002,199,0.06707294189128099,pft_assignment_submissions_m10,pft_total_minutes_m10
100000,100002,200,0.06590804756765678,pft_visits_m10,pft_assignment_submissions_m11
100000,100002,201,0.06564234906985078,pft_days_logged_m10,pft_test_submissions_m10
100000,100002,202,0.06424352722538096,pft_assignment_submissions_m11,pft_total_minutes_m11
100000,100002,203,0.06315531732389701,pft_days_logged_m12,pft_assignment_submissions_m10
100000,100002,204,0.062177242925025134,pft_days_logged_m10,pft_assignment_submissions_m11
100000,100002,205,0.06138700505726025,pft_assignment_submissions_m10,resource_events_m10
100000,100002,206,0.061264531374676245,pft_visits_m12,pft_assignment_submissions_m10
100000,100002,207,0.06039450083513298,pft_visits_m11,pft_test_submissions_m10
100000,100002,208,0.06034305195791845,pft_visits_m09,pft_assignment_submissions_m10
100000,100002,209,0.06001952626205309,pft_test_submissions_m10,pft_test_submissions_m11
100000,100002,210,0.06000281563256937,pft_visits_m12,pft_assignment_submissions_m11
100000,100002,211,0.059931667696401014,pft_days_logged_m11,pft_test_submissions_m11
100000,100002,212,0.05970170939924113,pft_visits_m10,pft_test_submissions_m11
100000,100002,213,0.05928686903243818,pft_test_submissions_m10,pft_total_minutes_m10
100000,100002,214,0.05928025977453544,pft_days_logged_m12,pft_assignment_submissions_m11
100000,100002,215,0.0586225433487515,pft_visits_m12,pft_test_submissions_m10
100000,100002,216,0.05832941627664745,pft_assignment_submissions_m11,resource_events_m11
100000,100002,217,0.058124242433837736,pft_assignment_submissions_m10,pft_assignment_submissions_m11
100000,100002,218,0.05795954882657206,pft_visits_m12,pft_test_submissions_m12
100000,100002,219,0.057780726730517706,pft_assignment_submissions_m10,pft_total_minutes_m11
100000,100002,220,0.05776758112314706,pft_test_submissions_m11,pft_total_minutes_m11
100000,100002,221,0.057368310306051384,pft_days_logged_m12,pft_test_submissions_m10
100000,100002,222,0.05708498927811867,pft_assignment_submissions_m11,pft_total_minutes_m10
100000,100002,223,0.05697637681963652,pft_days_logged_m09,pft_assignment_submissions_m10
100000,100002,224,0.05667704153965847,pft_days_logged_m11,pft_test_submissions_m10
100000,100002,225,0.056487321590491746,pft_visits_m12,pft_test_submissions_m11
100000,100002,226,0.05637488485702402,pft_days_logged_m10,pft_test_submissions_m11
100000,100002,227,0.05593305294852513,pft_days_logged_m12,pft_test_submissions_m12
100000,100002,228,0.055526643239285356,pft_visits_m09,pft_assignment_submissions_m11
100000,100002,229,0.055440962609555555,pft_visits_m09,pft_test_submissions_m10
100000,100002,230,0.05438261242964604,pft_visits_m12,pft_assignment_submissions_m12
100000,100002,231,0.054108741879741906,pft_visits_m09,pft_test_submissions_m11
100000,100002,232,0.05408550012313729,pft_days_logged_m12,pft_assignment_submissions_m12
100000,100002,233,0.053452692766147614,pft_days_logged_m09,pft_test_submissions_m10
100000,100002,234,0.05344252098005864,pft_days_logged_m12,pft_test_submissions_m11
100000,100002,235,0.05333162022533422,pft_assignment_submissions_m10,pft_total_minutes_m12
100000,100002,236,0.05320827995859023,pft_assignment_submissions_m10,pft_total_minutes_m09
100000,100002,237,0.05286064369372401,pft_assignment_submissions_m11,pft_total_minutes_m12
100000,100002,238,0.052146009242365565,pft_days_logged_m09,pft_assignment_submissions_m11
100000,100002,239,0.051463388385296405,pft_test_submissions_m12,pft_total_minutes_m12
100000,100002,240,0.05131183636732661,pft_assignment_submissions_m10,n_resource_days_m10
100000,100002,241,0.05117754698608579,pft_days_logged_m10,pft_test_submissions_m12
100000,100002,242,0.05114391339764168,pft_visits_m10,pft_test_submissions_m12
100000,100002,243,0.05102488934373106,pft_assignment_submissions_m11,n_resource_days_m11
100000,100002,244,0.05075296006522567,pft_days_logged_m09,pft_test_submissions_m11
100000,100002,245,0.05072469803831581,pft_visits_m11,pft_test_submissions_m12
100000,100002,246,0.050321784175954676,pft_assignment_submissions_m10,resource_events_m11
100000,100002,247,0.050099348528288346,pft_assignment_submissions_m11,resource_events_m10
100000,100002,248,0.04906920830064365,pft_test_submissions_m10,pft_total_minutes_m11
100000,100002,249,0.04899542310541083,pft_test_submissions_m10,pft_test_submissions_m12
100000,100002,250,0.04874203715312042,pft_assignment_submissions_m11,pft_total_minutes_m09
100000,100002,251,0.04780337409561852,pft_test_submissions_m11,pft_total_minutes_m10
100000,100002,252,0.047661747468556115,pft_test_submissions_m11,resource_events_m11
100000,100002,253,0.04736417383917857,pft_days_logged_m11,pft_test_submissions_m12
100000,100002,254,0.04710375868545391,pft_assignment_submissions_m12,pft_total_minutes_m12
100000,100002,255,0.04670138753606423,pft_test_submissions_m10,pft_total_minutes_m12
100000,100002,256,0.0459090173629253,pft_test_submissions_m10,resource_events_m10
100000,100002,257,0.045561746533460123,pft_test_submissions_m10,pft_total_minutes_m09
100000,100002,258,0.04554336445645735,pft_test_submissions_m11,pft_test_submissions_m12
100000,100002,259,0.04528017030022902,pft_assignment_submissions_m11,resource_events_m12
100000,100002,260,0.04513719966418872,pft_assignment_submissions_m10,n_resource_days_m11
100000,100002,261,0.04511855232697748,pft_test_submissions_m11,pft_total_minutes_m12
100000,100002,262,0.044973550518842664,pft_visits_m09,pft_test_submissions_m12
100000,100002,263,0.04453544288926903,pft_assignment_submissions_m10,resource_events_m09
100000,100002,264,0.04450833641871732,pft_test_submissions_m09,pft_test_submissions_m10
100000,100002,265,0.04422731614684494,pft_visits_m11,pft_assignment_submissions_m12
100000,100002,266,0.04398890383417964,pft_days_logged_m09,pft_test_submissions_m12
100000,100002,267,0.043881498709171574,pft_assignment_submissions_m11,n_resource_days_m10
100000,100002,268,0.043875277433930826,pft_visits_m10,pft_assignment_submissions_m12
100000,100002,269,0.04334314780115456,pft_test_submissions_m12,pft_total_minutes_m11
100000,100002,270,0.043257508364807684,pft_assignment_submissions_m11,resource_events_m09
100000,100002,271,0.04324978545098901,pft_test_submissions_m10,resource_events_m11
100000,100002,272,0.043201584455131226,pft_test_submissions_m12,pft_total_minutes_m10
100000,100002,273,0.043071210713543806,pft_test_submissions_m11,pft_total_minutes_m09
100000,100002,274,0.04279135894902719,pft_assignment_submissions_m10,resource_events_m12
100000,100002,275,0.04222724908356579,pft_days_logged_m11,pft_assignment_submissions_m12
100000,100002,276,0.04215201201870489,pft_assignment_submissions_m12,resource_events_m12
100000,100002,277,0.04173643197707033,pft_days_logged_m10,pft_assignment_submissions_m12
100000,100002,278,0.04051948211650025,pft_visits_m09,pft_test_submissions_m09
100000,100002,279,0.04023734555221914,pft_test_submissions_m10,n_resource_days_m10
100000,100002,280,0.04010250629585688,pft_days_logged_m09,pft_test_submissions_m09
100000,100002,281,0.03963920847202651,pft_test_submissions_m11,n_resource_days_m11
100000,100002,282,0.03892894025419036,pft_test_submissions_m11,resource_events_m10
100000,100002,283,0.038281478946835534,pft_test_submissions_m10,resource_events_m09
100000,100002,284,0.03825161030771085,pft_visits_m10,pft_test_submissions_m09
100000,100002,285,0.037700391659012844,pft_assignment_submissions_m12,pft_total_minutes_m11
100000,100002,286,0.03727239283734818,pft_test_submissions_m09,pft_test_submissions_m11
100000,100002,287,0.03707935168487175,pft_test_submissions_m12,resource_events_m11
100000,100002,288,0.03705135547190608,pft_test_submissions_m12,pft_total_minutes_m09
100000,100002,289,0.037002985404322786,pft_test_submissions_m12,resource_events_m12
100000,100002,290,0.036986977904843066,pft_assignment_submissions_m10,n_resource_days_m12
100000,100002,291,0.03697454758017038,pft_assignment_submissions_m10,n_resource_days_m09
100000,100002,292,0.03685965089316845,pft_assignment_submissions_m10,pft_assignment_submissions_m12
100000,100002,293,0.03674040556302405,pft_test_submissions_m10,resource_events_m12
100000,100002,294,0.03663499184003083,pft_assignment_submissions_m11,pft_assignment_submissions_m12
100000,100002,295,0.03658847318179248,pft_test_submissions_m09,pft_total_minutes_m09
100000,100002,296,0.036433543471456886,pft_test_submissions_m11,n_resource_days_m10
100000,100002,297,0.03632443143158426,pft_assignment_submissions_m11,n_resource_days_m12
100000,100002,298,0.03628994204876168,pft_test_submissions_m10,n_resource_days_m11
100000,100002,299,0.03626483653198065,pft_visits_m09,pft_assignment_submissions_m12
100000,100002,300,0.036150988741954215,pft_days_logged_m10,pft_test_submissions_m09
100000,100002,301,0.035898536836253214,pft_assignment_submissions_m12,n_resource_days_m12
100000,100002,302,0.035781272068608594,pft_days_logged_m09,pft_assignment_submissions_m12
100000,100002,303,0.03556865779916585,pft_test_submissions_m11,resource_events_m09
100000,100002,304,0.03464422028928027,pft_assignment_submissions_m11,n_resource_days_m09
100000,100002,305,0.034238287595106165,pft_visits_m11,pft_test_submissions_m09
100000,100002,306,0.03381943384611663,pft_test_submissions_m12,resource_events_m10
100000,100002,307,0.03344648161074115,pft_assignment_submissions_m12,resource_events_m11
100000,100002,308,0.03340858370047517,pft_days_logged_m11,pft_test_submissions_m09
100000,100002,309,0.03315472159992083,pft_assignment_submissions_m12,pft_total_minutes_m10
100000,100002,310,0.03312858715657896,pft_test_submissions_m11,resource_events_m12
100000,100002,311,0.03305172146944191,pft_days_logged_m12,pft_test_submissions_m09
100000,100002,312,0.03291453971203939,pft_test_submissions_m09,pft_total_minutes_m10
100000,100002,313,0.03256101473551176,pft_test_submissions_m12,n_resource_days_m12
100000,100002,314,0.03245282651232362,pft_visits_m12,pft_test_submissions_m09
100000,100002,315,0.03239676119489321,pft_test_submissions_m10,n_resource_days_m09
100000,100002,316,0.03172390574106476,pft_assignment_submissions_m09,pft_assignment_submissions_m10
100000,100002,317,0.031661181025719465,pft_test_submissions_m12,n_resource_days_m10
100000,100002,318,0.03124743198040747,pft_test_submissions_m12,resource_events_m09
100000,100002,319,0.03091911698966765,pft_assignment_submissions_m12,n_resource_days_m11
100000,100002,320,0.03077714013441124,pft_test_submissions_m12,n_resource_days_m11
100000,100002,321,0.030722286871406546,pft_visits_m09,pft_assignment_submissions_m09
100000,100002,322,0.03071258287005474,pft_test_submissions_m11,n_resource_days_m09
100000,100002,323,0.02986687154967793,pft_test_submissions_m10,n_resource_days_m12
100000,100002,324,0.02977765549491096,pft_days_logged_m09,pft_assignment_submissions_m09
100000,100002,325,0.029667078253642565,pft_test_submissions_m09,pft_total_minutes_m11
100000,100002,326,0.029654364563600488,pft_assignment_submissions_m12,n_resource_days_m10
100000,100002,327,0.02928142342444051,pft_test_submissions_m12,n_resource_days_m09
100000,100002,328,0.02923344888001811,pft_assignment_submissions_m12,resource_events_m10
100000,100002,329,0.028609097883438572,pft_assignment_submissions_m09,resource_events_m09
100000,100002,330,0.02828937634754869,pft_assignment_submissions_m12,pft_total_minutes_m09
100000,100002,331,0.02783588855260799,pft_test_submissions_m09,pft_test_submissions_m12
100000,100002,332,0.027591835803747244,pft_test_submissions_m09,pft_total_minutes_m12
100000,100002,333,0.027302297820633648,pft_test_submissions_m11,n_resource_days_m12
100000,100002,334,0.027258058134552954,pft_test_submissions_m09,resource_events_m09
100000,100002,335,0.027046269266117307,pft_test_submissions_m09,resource_events_m11
100000,100002,336,0.026618435575445965,pft_assignment_submissions_m09,pft_total_minutes_m09
100000,100002,337,0.02609376634399929,pft_test_submissions_m09,n_resource_days_m09
100000,100002,338,0.025300307062944505,pft_visits_m10,pft_assignment_submissions_m09
100000,100002,339,0.025183688221806833,pft_assignment_submissions_m12,resource_events_m09
100000,100002,340,0.02495259298088026,pft_test_submissions_m09,resource_events_m10
100000,100002,341,0.024293732282895775,pft_test_submissions_m09,n_resource_days_m10
100000,100002,342,0.024156386221900306,pft_test_submissions_m09,n_resource_days_m11
100000,100002,343,0.023798580245735224,pft_assignment_submissions_m09,pft_assignment_submissions_m11
100000,100002,344,0.02317624064036483,pft_days_logged_m10,pft_assignment_submissions_m09
100000,100002,345,0.023111107578810852,pft_assignment_submissions_m12,n_resource_days_m09
100000,100002,346,0.02268512439752257,pft_visits_m11,pft_assignment_submissions_m09
100000,100002,347,0.02265479745486232,pft_days_logged_m12,pft_assignment_submissions_m09
100000,100002,348,0.021795770054513497,pft_test_submissions_m09,resource_events_m12
100000,100002,349,0.02147918940536364,pft_days_logged_m11,pft_assignment_submissions_m09
100000,100002,350,0.021177821542821995,pft_assignment_submissions_m09,n_resource_days_m09
100000,100002,351,0.020397763770190203,pft_assignment_submissions_m09,pft_total_minutes_m10
100000,100002,352,0.019840714483923882,pft_test_submissions_m09,n_resource_days_m12
100000,100002,353,0.019736283587241665,pft_visits_m12,pft_assignment_submissions_m09
100000,100002,354,0.019250819880807235,pft_assignment_submissions_m09,resource_events_m10
100000,100002,355,0.018409564542456458,pft_assignment_submissions_m09,resource_events_m11
100000,100002,356,0.01790292439208674,pft_assignment_submissions_m09,pft_total_minutes_m11
100000,100002,357,0.017130282807301,pft_assignment_submissions_m09,pft_total_minutes_m12
100000,100002,358,0.016748697807667412,pft_assignment_submissions_m09,n_resource_days_m11
100000,100002,359,0.016550565767174952,pft_assignment_submissions_m09,n_resource_days_m10
100000,100002,360,0.015568171147205767,pft_assignment_submissions_m09,pft_assignment_submissions_m12
100000,100002,361,0.014117875585994533,pft_assignment_submissions_m09,resource_events_m12
100000,100002,362,0.013069272622426631,pft_assignment_submissions_m11,pft_test_submissions_m12
100000,100002,363,0.01288667575368141,pft_assignment_submissions_m10,pft_test_submissions_m12
100000,100002,364,0.012667928465726064,pft_assignment_submissions_m11,pft_test_submissions_m10
100000,100002,365,0.012431157109480395,pft_assignment_submissions_m09,n_resource_days_m12
100000,100002,366,0.01233608944994824,pft_assignment_submissions_m11,pft_test_submissions_m09
100000,100002,367,0.012058478912097215,pft_assignment_submissions_m10,pft_test_submissions_m09
100000,100002,368,0.01203824656472463,pft_assignment_submissions_m10,pft_test_submissions_m10
100000,100002,369,0.011870356066461696,pft_assignment_submissions_m11,pft_test_submissions_m11
100000,100002,370,0.011682757082160045,pft_assignment_submissions_m12,pft_test_submissions_m10
100000,100002,371,0.010975482378762003,pft_assignment_submissions_m10,pft_test_submissions_m11
100000,100002,372,0.010812763565163586,pft_assignment_submissions_m12,pft_test_submissions_m12
100000,100002,373,0.010272013783691136,pft_assignment_submissions_m12,pft_test_submissions_m11
100000,100002,374,0.008412853992164848,pft_assignment_submissions_m12,pft_test_submissions_m09
100000,100002,375,0.008293726735097096,pft_assignment_submissions_m09,pft_test_submissions_m10
100000,100002,376,0.00739869801027826,pft_assignment_submissions_m09,pft_test_submissions_m11
100000,100002,377,0.00731958845615388,pft_assignment_submissions_m09,pft_test_submissions_m12
100000,100002,378,0.007252083951824417,pft_assignment_submissions_m09,pft_test_submissions_m09
100000,100002,379,0.004816706425136097,dedicacion,n_resource_days_m09
100000,100002,380,0.004653254890057745,dedicacion,resource_events_m09
100000,100002,381,0.004243938739603159,dedicacion,pft_days_logged_m09
100000,100002,382,0.003810220865205771,dedicacion,pft_total_minutes_m12
100000,100002,383,0.003629850359395448,dedicacion,n_resource_days_m10
100000,100002,384,0.0036142709835678133,dedicacion,pft_visits_m09
100000,100002,385,0.00329870032997448,dedicacion,resource_events_m10
100000,100002,386,0.003180540544941657,dedicacion,pft_visits_m12
100000,100002,387,0.0031015062699628615,dedicacion,resource_events_m11
100000,100002,388,0.003046728593021797,dedicacion,pft_total_minutes_m10
100000,100002,389,0.003045760595926872,dedicacion,pft_total_minutes_m11
100000,100002,390,0.0027444017346560656,dedicacion,pft_total_minutes_m09
100000,100002,391,0.002621132432525819,dedicacion,pft_visits_m10
100000,100002,392,0.0025708888566819965,dedicacion,resource_events_m12
100000,100002,393,0.0022762974091321553,dedicacion,pft_test_submissions_m11
100000,100002,394,0.0018391084876361319,dedicacion,pft_test_submissions_m10
100000,100002,395,0.001224634182456441,dedicacion,pft_days_logged_m10
100000,100002,396,0.0011369361776338849,dedicacion,pft_test_submissions_m09
100000,100002,397,0.0008272638955624245,dedicacion,pft_assignment_submissions_m09
100000,100002,398,0.0006865995524876212,dedicacion,pft_assignment_submissions_m11
100000,100002,399,0.00027111764116849457,dedicacion,pft_assignment_submissions_m12
100000,100002,400,0.00018091758716387574,dedicacion,pft_visits_m11
100000,100002,401,3.5013614585466257e-07,dedicacion,pft_assignment_submissions_m10
100000,100002,402,0.0,dedicacion,n_resource_days_m11
100000,100002,403,0.0,dedicacion,n_resource_days_m12
100000,100002,404,0.0,dedicacion,pft_days_logged_m11
100000,100002,405,0.0,dedicacion,pft_days_logged_m12
100000,100002,406,0.0,dedicacion,pft_test_submissions_m12
full_train,325483,1,0.7944632099154241,pft_days_logged_m10,pft_visits_m10
full_train,325483,2,0.7789757198817124,pft_days_logged_m09,pft_visits_m09
full_train,325483,3,0.7682256765800322,pft_days_logged_m11,pft_visits_m11
full_train,325483,4,0.7131066414428178,pft_total_minutes_m10,resource_events_m10
full_train,325483,5,0.7092175873871094,pft_days_logged_m12,pft_visits_m12
full_train,325483,6,0.7057840337613097,resource_events_m10,n_resource_days_m10
full_train,325483,7,0.6983883027805904,pft_visits_m10,pft_total_minutes_m10
full_train,325483,8,0.6961370581464665,pft_total_minutes_m11,resource_events_m11
full_train,325483,9,0.6922304473882983,pft_total_minutes_m10,n_resource_days_m10
full_train,325483,10,0.6864856639422845,resource_events_m11,n_resource_days_m11
full_train,325483,11,0.6788948925229459,pft_visits_m11,pft_total_minutes_m11
full_train,325483,12,0.6746484961646786,pft_visits_m09,pft_total_minutes_m09
full_train,325483,13,0.6701317125766044,pft_total_minutes_m11,n_resource_days_m11
full_train,325483,14,0.647679630531024,resource_events_m09,n_resource_days_m09
full_train,325483,15,0.645100764117366,pft_total_minutes_m12,resource_events_m12
full_train,325483,16,0.6361014431213476,resource_events_m12,n_resource_days_m12
full_train,325483,17,0.6327264110739801,pft_visits_m12,pft_total_minutes_m12
full_train,325483,18,0.6205234191485145,pft_total_minutes_m09,resource_events_m09
full_train,325483,19,0.6088363036147184,pft_total_minutes_m12,n_resource_days_m12
full_train,325483,20,0.6080506139798327,pft_days_logged_m09,pft_total_minutes_m09
full_train,325483,21,0.6072911831489627,pft_days_logged_m10,pft_total_minutes_m10
full_train,325483,22,0.5941569380291538,pft_total_minutes_m09,n_resource_days_m09
full_train,325483,23,0.591691811310894,pft_days_logged_m11,pft_total_minutes_m11
full_train,325483,24,0.5545393691337965,pft_total_minutes_m10,pft_total_minutes_m11
full_train,325483,25,0.5518058681686249,pft_days_logged_m12,pft_total_minutes_m12
full_train,325483,26,0.5286717090305517,pft_total_minutes_m11,pft_total_minutes_m12
full_train,325483,27,0.518667550672526,pft_total_minutes_m10,pft_total_minutes_m12
full_train,325483,28,0.5074559015357094,pft_total_minutes_m09,pft_total_minutes_m10
full_train,325483,29,0.47813860550508736,pft_total_minutes_m11,resource_events_m10
full_train,325483,30,0.46230356673425455,pft_total_minutes_m09,pft_total_minutes_m11
full_train,325483,31,0.46154275086252206,pft_total_minutes_m10,resource_events_m11
full_train,325483,32,0.4473062190678849,pft_total_minutes_m12,resource_events_m10
full_train,325483,33,0.44521691639927674,resource_events_m10,resource_events_m11
full_train,325483,34,0.44371080921659534,pft_total_minutes_m12,resource_events_m11
full_train,325483,35,0.4283144804965593,pft_total_minutes_m11,resource_events_m12
full_train,325483,36,0.4275297488094356,pft_total_minutes_m11,n_resource_days_m10
full_train,325483,37,0.42737014610496704,pft_total_minutes_m10,resource_events_m12
full_train,325483,38,0.4255468362734902,pft_total_minutes_m09,resource_events_m10
full_train,325483,39,0.42119729720213606,pft_visits_m10,pft_visits_m11
full_train,325483,40,0.4183850984365822,pft_total_minutes_m10,resource_events_m09
full_train,325483,41,0.41440528430824486,pft_total_minutes_m09,pft_total_minutes_m12
full_train,325483,42,0.41396395168229905,pft_total_minutes_m10,n_resource_days_m11
full_train,325483,43,0.41033578320317776,resource_events_m10,resource_events_m12
full_train,325483,44,0.4054471722977686,resource_events_m11,resource_events_m12
full_train,325483,45,0.40127562366102687,pft_days_logged_m10,n_resource_days_m10
full_train,325483,46,0.39948359417719903,pft_total_minutes_m12,n_resource_days_m10
full_train,325483,47,0.3975611840781408,pft_visits_m11,pft_visits_m12
full_train,325483,48,0.39722761111112526,resource_events_m09,resource_events_m10
full_train,325483,49,0.39674665264500675,pft_days_logged_m10,pft_visits_m11
full_train,325483,50,0.3963357345169696,pft_total_minutes_m12,n_resource_days_m11
full_train,325483,51,0.39530964240330047,pft_days_logged_m11,pft_visits_m10
full_train,325483,52,0.3936164344015465,pft_visits_m10,pft_visits_m12
full_train,325483,53,0.3935994746373286,pft_total_minutes_m09,resource_events_m11
full_train,325483,54,0.392323304431784,pft_total_minutes_m11,resource_events_m09
full_train,325483,55,0.38879926344589144,pft_days_logged_m11,n_resource_days_m11
full_train,325483,56,0.384736786508574,pft_total_minutes_m09,n_resource_days_m10
full_train,325483,57,0.38000981104454823,resource_events_m10,n_resource_days_m11
full_train,325483,58,0.3791776454305058,pft_days_logged_m10,pft_days_logged_m11
full_train,325483,59,0.37726175618166735,resource_events_m11,n_resource_days_m10
full_train,325483,60,0.3754462240548584,pft_total_minutes_m11,n_resource_days_m12
full_train,325483,61,0.3753582668766118,pft_visits_m09,pft_visits_m10
full_train,325483,62,0.3728260523834681,pft_days_logged_m12,pft_visits_m11
full_train,325483,63,0.37277418311753596,pft_days_logged_m11,pft_visits_m12
full_train,325483,64,0.37188679593586205,pft_total_minutes_m10,n_resource_days_m12
full_train,325483,65,0.3670940716923363,pft_days_logged_m10,pft_visits_m12
full_train,325483,66,0.3669110654020704,pft_days_logged_m12,pft_visits_m10
full_train,325483,67,0.36567169189159276,pft_total_minutes_m10,n_resource_days_m09
full_train,325483,68,0.36470962927172934,resource_events_m09,resource_events_m11
full_train,325483,69,0.36042498517853616,pft_visits_m10,n_resource_days_m10
full_train,325483,70,0.3557455356254593,pft_days_logged_m10,pft_visits_m09
full_train,325483,71,0.35546727513057874,pft_total_minutes_m09,n_resource_days_m11
full_train,325483,72,0.35399488119467826,pft_visits_m10,resource_events_m10
full_train,325483,73,0.35389882447330834,pft_total_minutes_m12,resource_events_m09
full_train,325483,74,0.3528004460809706,pft_days_logged_m11,pft_days_logged_m12
full_train,325483,75,0.3501988075770823,pft_total_minutes_m09,resource_events_m12
full_train,325483,76,0.3495388498229044,pft_days_logged_m10,pft_days_logged_m12
full_train,325483,77,0.3494218330944028,pft_visits_m11,n_resource_days_m11
full_train,325483,78,0.3456677806792747,pft_visits_m09,pft_visits_m11
full_train,325483,79,0.3456567491593656,resource_events_m12,n_resource_days_m10
full_train,325483,80,0.3451498405742921,pft_visits_m11,resource_events_m11
full_train,325483,81,0.34467357487171224,pft_days_logged_m09,pft_visits_m10
full_train,325483,82,0.34383612381800166,n_resource_days_m10,n_resource_days_m11
full_train,325483,83,0.3417487881209462,resource_events_m12,n_resource_days_m11
full_train,325483,84,0.3396651234943935,resource_events_m10,n_resource_days_m12
full_train,325483,85,0.33962460757186985,pft_total_minutes_m11,n_resource_days_m09
full_train,325483,86,0.33948517175494075,resource_events_m09,n_resource_days_m10
full_train,325483,87,0.33780490396332397,pft_days_logged_m12,n_resource_days_m12
full_train,325483,88,0.33666403032963377,resource_events_m11,n_resource_days_m12
full_train,325483,89,0.33386749482773315,pft_days_logged_m09,n_resource_days_m09
full_train,325483,90,0.3319084921759412,pft_days_logged_m09,pft_days_logged_m10
full_train,325483,91,0.32871208036473565,pft_days_logged_m11,pft_visits_m09
full_train,325483,92,0.32679417580539205,resource_events_m10,n_resource_days_m09
full_train,325483,93,0.32618720384754507,pft_days_logged_m10,resource_events_m10
full_train,325483,94,0.3207846229734379,pft_days_logged_m09,pft_visits_m11
full_train,325483,95,0.3200397384555078,resource_events_m09,resource_events_m12
full_train,325483,96,0.31855751538102695,pft_days_logged_m11,resource_events_m11
full_train,325483,97,0.3147040538808694,resource_events_m09,n_resource_days_m11
full_train,325483,98,0.31395742246806346,pft_visits_m09,pft_visits_m12
full_train,325483,99,0.3095075468916013,pft_visits_m12,resource_events_m12
full_train,325483,100,0.30815257267272855,pft_visits_m12,n_resource_days_m12
full_train,325483,101,0.30767753522015795,pft_days_logged_m09,pft_days_logged_m11
full_train,325483,102,0.3064900776054076,pft_total_minutes_m12,n_resource_days_m09
full_train,325483,103,0.3028948920734402,n_resource_days_m10,n_resource_days_m12
full_train,325483,104,0.30281330217113656,pft_total_minutes_m09,n_resource_days_m12
full_train,325483,105,0.30117402447741526,resource_events_m11,n_resource_days_m09
full_train,325483,106,0.299402208152423,n_resource_days_m11,n_resource_days_m12
full_train,325483,107,0.29790583349837796,n_resource_days_m09,n_resource_days_m10
full_train,325483,108,0.29541084598621214,pft_days_logged_m12,pft_visits_m09
full_train,325483,109,0.29499976560716323,pft_visits_m09,n_resource_days_m09
full_train,325483,110,0.29368503195938445,pft_visits_m09,resource_events_m09
full_train,325483,111,0.29333011982225,pft_visits_m10,pft_total_minutes_m11
full_train,325483,112,0.2925320044875601,pft_visits_m11,pft_total_minutes_m10
full_train,325483,113,0.2923315897825258,pft_days_logged_m09,pft_visits_m12
full_train,325483,114,0.2845456645970472,pft_visits_m12,pft_total_minutes_m11
full_train,325483,115,0.2827774963863945,pft_days_logged_m10,pft_total_minutes_m11
full_train,325483,116,0.28244961540103386,pft_days_logged_m12,resource_events_m12
full_train,325483,117,0.281375211047024,pft_days_logged_m11,pft_total_minutes_m10
full_train,325483,118,0.281218897155572,pft_visits_m11,pft_total_minutes_m12
full_train,325483,119,0.2777140503492932,pft_visits_m10,pft_total_minutes_m09
full_train,325483,120,0.27740426484761027,pft_visits_m12,pft_total_minutes_m10
full_train,325483,121,0.2770121431791086,pft_days_logged_m09,pft_days_logged_m12
full_train,325483,122,0.2758590285571447,n_resource_days_m09,n_resource_days_m11
full_train,325483,123,0.2758296361587389,pft_visits_m10,pft_total_minutes_m12
full_train,325483,124,0.2753308524889784,pft_days_logged_m09,resource_events_m09
full_train,325483,125,0.2714195840655904,pft_days_logged_m12,pft_total_minutes_m11
full_train,325483,126,0.26846292516330106,pft_days_logged_m10,pft_total_minutes_m09
full_train,325483,127,0.2674277301882144,pft_days_logged_m11,pft_total_minutes_m12
full_train,325483,128,0.2656828995922629,resource_events_m09,n_resource_days_m12
full_train,325483,129,0.26456230646394907,resource_events_m12,n_resource_days_m09
full_train,325483,130,0.2637416966444466,pft_days_logged_m12,pft_total_minutes_m10
full_train,325483,131,0.2626747182604312,pft_days_logged_m10,pft_total_minutes_m12
full_train,325483,132,0.2556462188446318,pft_visits_m09,pft_total_minutes_m10
full_train,325483,133,0.2520701795208584,pft_visits_m11,pft_total_minutes_m09
full_train,325483,134,0.24601313329691799,pft_days_logged_m11,pft_total_minutes_m09
full_train,325483,135,0.24001637416833077,pft_days_logged_m09,pft_total_minutes_m10
full_train,325483,136,0.2385639248500384,pft_visits_m11,resource_events_m10
full_train,325483,137,0.23439568464700766,pft_visits_m09,pft_total_minutes_m11
full_train,325483,138,0.23089700982155126,pft_visits_m12,pft_total_minutes_m09
full_train,325483,139,0.23040921864343833,pft_visits_m12,resource_events_m10
full_train,325483,140,0.23018138541601463,pft_visits_m10,resource_events_m11
full_train,325483,141,0.22962489024469157,n_resource_days_m09,n_resource_days_m12
full_train,325483,142,0.22650809995838195,pft_days_logged_m11,resource_events_m10
full_train,325483,143,0.22612831731988514,pft_visits_m12,resource_events_m11
full_train,325483,144,0.21964791308752663,pft_days_logged_m10,resource_events_m11
full_train,325483,145,0.21950639971582753,pft_days_logged_m12,pft_total_minutes_m09
full_train,325483,146,0.21855971965227194,pft_days_logged_m09,pft_total_minutes_m11
full_train,325483,147,0.2165636485707667,pft_days_logged_m12,resource_events_m10
full_train,325483,148,0.21406338250702284,pft_days_logged_m12,resource_events_m11
full_train,325483,149,0.21326646269419403,pft_visits_m10,resource_events_m09
full_train,325483,150,0.21263156309940712,pft_visits_m11,n_resource_days_m10
full_train,325483,151,0.20960889317002973,pft_visits_m11,resource_events_m12
full_train,325483,152,0.20928440993955544,pft_visits_m10,resource_events_m12
full_train,325483,153,0.20891538268173981,pft_visits_m09,pft_total_minutes_m12
full_train,325483,154,0.20742555017799003,pft_visits_m10,n_resource_days_m11
full_train,325483,155,0.20575879581420242,pft_days_logged_m11,n_resource_days_m10
full_train,325483,156,0.20368351519023697,pft_visits_m12,n_resource_days_m10
full_train,325483,157,0.20361183580291708,pft_days_logged_m10,resource_events_m09
full_train,325483,158,0.20243155238306798,pft_visits_m09,resource_events_m10
full_train,325483,159,0.2022343460470113,pft_days_logged_m10,n_resource_days_m11
full_train,325483,160,0.20222946925488028,pft_visits_m12,n_resource_days_m11
full_train,325483,161,0.19950514242985662,pft_visits_m11,resource_events_m09
full_train,325483,162,0.1990930229222121,pft_days_logged_m11,resource_events_m12
full_train,325483,163,0.19751178562744443,pft_days_logged_m09,pft_total_minutes_m12
full_train,325483,164,0.19728218783270712,pft_days_logged_m10,resource_events_m12
full_train,325483,165,0.19525377665209653,pft_days_logged_m12,n_resource_days_m11
full_train,325483,166,0.19424834493452625,pft_days_logged_m12,n_resource_days_m10
full_train,325483,167,0.19139497662731486,pft_days_logged_m11,resource_events_m09
full_train,325483,168,0.18964325970590679,pft_days_logged_m09,resource_events_m10
full_train,325483,169,0.18732111810238017,pft_visits_m09,resource_events_m11
full_train,325483,170,0.18367192176743252,pft_visits_m11,n_resource_days_m12
full_train,325483,171,0.18308795185955518,pft_visits_m10,n_resource_days_m12
full_train,325483,172,0.18305536270700795,pft_visits_m12,resource_events_m09
full_train,325483,173,0.18213396195477216,pft_visits_m09,n_resource_days_m10
full_train,325483,174,0.1806228970634196,pft_visits_m10,n_resource_days_m09
full_train,325483,175,0.17898562460742085,pft_days_logged_m10,n_resource_days_m09
full_train,325483,176,0.17600389746236456,pft_days_logged_m11,n_resource_days_m12
full_train,325483,177,0.17497932148676743,pft_days_logged_m10,n_resource_days_m12
full_train,325483,178,0.17383849315559008,pft_days_logged_m09,n_resource_days_m10
full_train,325483,179,0.1737759746743981,pft_days_logged_m09,resource_events_m11
full_train,325483,180,0.17270769390511553,pft_days_logged_m12,resource_events_m09
full_train,325483,181,0.17063411836974307,pft_visits_m09,n_resource_days_m11
full_train,325483,182,0.17001324079951274,pft_visits_m11,n_resource_days_m09
full_train,325483,183,0.16440176662577333,pft_days_logged_m11,n_resource_days_m09
full_train,325483,184,0.1634376394266681,pft_days_logged_m09,n_resource_days_m11
full_train,325483,185,0.16167426883567515,pft_visits_m09,resource_events_m12
full_train,325483,186,0.15444681862345622,pft_visits_m12,n_resource_days_m09
full_train,325483,187,0.15318971010743887,pft_days_logged_m09,resource_events_m12
full_train,325483,188,0.1479226099045663,pft_days_logged_m12,n_resource_days_m09
full_train,325483,189,0.1394448485766686,pft_visits_m09,n_resource_days_m12
full_train,325483,190,0.13403399312285025,pft_days_logged_m09,n_resource_days_m12
full_train,325483,191,0.07648449277405867,pft_visits_m10,pft_assignment_submissions_m10
full_train,325483,192,0.07547690405923468,pft_visits_m11,pft_assignment_submissions_m11
full_train,325483,193,0.0713267592080129,pft_days_logged_m10,pft_assignment_submissions_m10
full_train,325483,194,0.07020160980984169,pft_days_logged_m11,pft_assignment_submissions_m11
full_train,325483,195,0.0686625907688665,pft_visits_m10,pft_test_submissions_m10
full_train,325483,196,0.0686262181103725,pft_visits_m11,pft_assignment_submissions_m10
full_train,325483,197,0.06652648132909444,pft_assignment_submissions_m10,pft_total_minutes_m10
full_train,325483,198,0.06644925200638596,pft_visits_m10,pft_assignment_submissions_m11
full_train,325483,199,0.06584867596891808,pft_assignment_submissions_m11,pft_total_minutes_m11
full_train,325483,200,0.0656925403947426,pft_days_logged_m11,pft_assignment_submissions_m10
full_train,325483,201,0.06396465600279821,pft_days_logged_m10,pft_test_submissions_m10
full_train,325483,202,0.06395407224057426,pft_visits_m12,pft_assignment_submissions_m10
full_train,325483,203,0.06362981401607826,pft_visits_m11,pft_test_submissions_m11
full_train,325483,204,0.06243514523325544,pft_visits_m12,pft_assignment_submissions_m11
full_train,325483,205,0.061914292752846656,pft_days_logged_m10,pft_assignment_submissions_m11
full_train,325483,206,0.06133922949998283,pft_test_submissions_m10,pft_total_minutes_m10
full_train,325483,207,0.06114882264601196,pft_assignment_submissions_m10,resource_events_m10
full_train,325483,208,0.0607801166769093,pft_visits_m09,pft_assignment_submissions_m10
full_train,325483,209,0.06004375081986879,pft_assignment_submissions_m11,resource_events_m11
full_train,325483,210,0.06000995032027312,pft_days_logged_m12,pft_assignment_submissions_m10
full_train,325483,211,0.05970422660291508,pft_days_logged_m12,pft_assignment_submissions_m11
full_train,325483,212,0.05912588773068794,pft_days_logged_m11,pft_test_submissions_m11
full_train,325483,213,0.058968114620678413,pft_visits_m11,pft_test_submissions_m10
full_train,325483,214,0.05829805024085921,pft_test_submissions_m11,pft_total_minutes_m11
full_train,325483,215,0.058019414680081205,pft_assignment_submissions_m10,pft_total_minutes_m11
full_train,325483,216,0.057693322317946105,pft_visits_m10,pft_test_submissions_m11
full_train,325483,217,0.05710464352668687,pft_test_submissions_m10,pft_test_submissions_m11
full_train,325483,218,0.05674689671259081,pft_assignment_submissions_m11,pft_total_minutes_m10
full_train,325483,219,0.056324367211999515,pft_visits_m09,pft_assignment_submissions_m11
full_train,325483,220,0.05626341313519401,pft_visits_m12,pft_test_submissions_m10
full_train,325483,221,0.05602140260099642,pft_days_logged_m11,pft_test_submissions_m10
full_train,325483,222,0.05522299523144092,pft_assignment_submissions_m10,pft_assignment_submissions_m11
full_train,325483,223,0.0549542136508947,pft_assignment_submissions_m10,pft_total_minutes_m09
full_train,325483,224,0.0549178888056705,pft_visits_m12,pft_test_submissions_m12
full_train,325483,225,0.054748789794555996,pft_days_logged_m09,pft_assignment_submissions_m10
full_train,325483,226,0.054545800216517115,pft_days_logged_m10,pft_test_submissions_m11
full_train,325483,227,0.054173294138094796,pft_visits_m12,pft_test_submissions_m11
full_train,325483,228,0.054086367401678714,pft_visits_m09,pft_test_submissions_m10
full_train,325483,229,0.053687092497919586,pft_assignment_submissions_m11,pft_total_minutes_m12
full_train,325483,230,0.053634338299747064,pft_assignment_submissions_m10,pft_total_minutes_m12
full_train,325483,231,0.05362557101670262,pft_days_logged_m12,pft_test_submissions_m10
full_train,325483,232,0.05294413140220122,pft_visits_m12,pft_assignment_submissions_m12
full_train,325483,233,0.05223670923044832,pft_days_logged_m12,pft_test_submissions_m12
full_train,325483,234,0.051096572182295574,pft_assignment_submissions_m11,resource_events_m10
full_train,325483,235,0.050881655291933114,pft_test_submissions_m10,pft_total_minutes_m11
full_train,325483,236,0.05077364719712918,pft_assignment_submissions_m10,resource_events_m11
full_train,325483,237,0.050682148532216864,pft_days_logged_m12,pft_assignment_submissions_m12
full_train,325483,238,0.050527154607679314,pft_assignment_submissions_m11,pft_total_minutes_m09
full_train,325483,239,0.05042015738657479,pft_visits_m09,pft_test_submissions_m11
full_train,325483,240,0.05041755688736771,pft_days_logged_m09,pft_assignment_submissions_m11
full_train,325483,241,0.05040965083370352,pft_days_logged_m12,pft_test_submissions_m11
full_train,325483,242,0.05033365652425914,pft_test_submissions_m12,pft_total_minutes_m12
full_train,325483,243,0.04985572209638178,pft_test_submissions_m10,pft_test_submissions_m12
full_train,325483,244,0.049750769217073554,pft_visits_m11,pft_test_submissions_m12
full_train,325483,245,0.04943191885936127,pft_days_logged_m09,pft_test_submissions_m10
full_train,325483,246,0.04928628103827748,pft_visits_m10,pft_test_submissions_m12
full_train,325483,247,0.0488427699724685,pft_assignment_submissions_m11,n_resource_days_m11
full_train,325483,248,0.04871653690742761,pft_assignment_submissions_m10,n_resource_days_m10
full_train,325483,249,0.048469167926928236,pft_days_logged_m10,pft_test_submissions_m12
full_train,325483,250,0.04805941214114373,pft_days_logged_m11,pft_test_submissions_m12
full_train,325483,251,0.04801560522755377,pft_test_submissions_m11,pft_total_minutes_m10
full_train,325483,252,0.04719397360849609,pft_test_submissions_m10,resource_events_m10
full_train,325483,253,0.04695820557336816,pft_assignment_submissions_m12,pft_total_minutes_m12
full_train,325483,254,0.04675103912116807,pft_test_submissions_m10,pft_total_minutes_m09
full_train,325483,255,0.04657092268887286,pft_test_submissions_m10,pft_total_minutes_m12
full_train,325483,256,0.04635365493000165,pft_assignment_submissions_m10,resource_events_m09
full_train,325483,257,0.045876129800400456,pft_visits_m11,pft_assignment_submissions_m12
full_train,325483,258,0.04572211872166232,pft_days_logged_m09,pft_test_submissions_m11
full_train,325483,259,0.0456969757445842,pft_test_submissions_m11,pft_total_minutes_m12
full_train,325483,260,0.04494957895391405,pft_days_logged_m11,pft_assignment_submissions_m12
full_train,325483,261,0.04475727010160746,pft_test_submissions_m11,resource_events_m11
full_train,325483,262,0.04467200436836194,pft_test_submissions_m11,pft_test_submissions_m12
full_train,325483,263,0.044632184649116446,pft_assignment_submissions_m10,resource_events_m12
full_train,325483,264,0.044624886457340196,pft_assignment_submissions_m11,resource_events_m12
full_train,325483,265,0.04365924240923036,pft_test_submissions_m11,pft_total_minutes_m09
full_train,325483,266,0.04346576460246343,pft_test_submissions_m12,pft_total_minutes_m10
full_train,325483,267,0.04326120462374128,pft_visits_m09,pft_test_submissions_m12
full_train,325483,268,0.043257444288287594,pft_test_submissions_m12,pft_total_minutes_m11
full_train,325483,269,0.04297267085548384,pft_assignment_submissions_m12,resource_events_m12
full_train,325483,270,0.04259719808960938,pft_assignment_submissions_m10,n_resource_days_m11
full_train,325483,271,0.04224838379678797,pft_test_submissions_m10,resource_events_m11
full_train,325483,272,0.04211708859849139,pft_visits_m10,pft_assignment_submissions_m12
full_train,325483,273,0.0419265827412012,pft_assignment_submissions_m11,resource_events_m09
full_train,325483,274,0.041755849328733774,pft_days_logged_m10,pft_assignment_submissions_m12
full_train,325483,275,0.04121131272300271,pft_assignment_submissions_m11,n_resource_days_m10
full_train,325483,276,0.04075147564458348,pft_test_submissions_m10,n_resource_days_m10
full_train,325483,277,0.04049765351844581,pft_test_submissions_m09,pft_test_submissions_m10
full_train,325483,278,0.039923222136647674,pft_visits_m09,pft_test_submissions_m09
full_train,325483,279,0.03986842276270597,pft_test_submissions_m11,n_resource_days_m11
full_train,325483,280,0.039518708750639675,pft_test_submissions_m11,resource_events_m10
full_train,325483,281,0.039310347184772,pft_days_logged_m09,pft_test_submissions_m12
full_train,325483,282,0.03892127814985713,pft_test_submissions_m09,pft_total_minutes_m09
full_train,325483,283,0.03838013183832345,pft_assignment_submissions_m12,pft_total_minutes_m11
full_train,325483,284,0.03774901241411399,pft_test_submissions_m12,pft_total_minutes_m09
full_train,325483,285,0.037031172672869594,pft_test_submissions_m10,n_resource_days_m11
full_train,325483,286,0.037015766699222574,pft_visits_m10,pft_test_submissions_m09
full_train,325483,287,0.03669090697731292,pft_test_submissions_m12,resource_events_m10
full_train,325483,288,0.036467388432742,pft_test_submissions_m10,resource_events_m09
full_train,325483,289,0.036343962685514875,pft_test_submissions_m12,resource_events_m12
full_train,325483,290,0.0362459098065786,pft_test_submissions_m10,resource_events_m12
full_train,325483,291,0.036166645608679104,pft_days_logged_m10,pft_test_submissions_m09
full_train,325483,292,0.03579244274664983,pft_assignment_submissions_m12,pft_total_minutes_m10
full_train,325483,293,0.035474182887006656,pft_days_logged_m09,pft_test_submissions_m09
full_train,325483,294,0.03531634631875846,pft_visits_m09,pft_assignment_submissions_m12
full_train,325483,295,0.035285950982668624,pft_days_logged_m11,pft_test_submissions_m09
full_train,325483,296,0.03527048474942607,pft_visits_m11,pft_test_submissions_m09
full_train,325483,297,0.03485978420721203,pft_test_submissions_m11,n_resource_days_m10
full_train,325483,298,0.034789212545160986,pft_test_submissions_m12,resource_events_m11
full_train,325483,299,0.034548113158167304,pft_assignment_submissions_m11,n_resource_days_m12
full_train,325483,300,0.03448981720485644,pft_assignment_submissions_m10,pft_assignment_submissions_m12
full_train,325483,301,0.03441455842498087,pft_test_submissions_m09,pft_test_submissions_m11
full_train,325483,302,0.0340738290277427,pft_test_submissions_m11,resource_events_m09
full_train,325483,303,0.033635642957350775,pft_test_submissions_m11,resource_events_m12
full_train,325483,304,0.03348798621782123,pft_test_submissions_m09,pft_total_minutes_m10
full_train,325483,305,0.03330903189324186,pft_assignment_submissions_m12,resource_events_m11
full_train,325483,306,0.03274062467813721,pft_assignment_submissions_m12,n_resource_days_m12
full_train,325483,307,0.0325120470361453,pft_assignment_submissions_m10,n_resource_days_m12
full_train,325483,308,0.03232137292851078,pft_assignment_submissions_m10,n_resource_days_m09
full_train,325483,309,0.03227548297592886,pft_days_logged_m09,pft_assignment_submissions_m12
full_train,325483,310,0.03205702107916686,pft_assignment_submissions_m11,pft_assignment_submissions_m12
full_train,325483,311,0.031797908048813106,pft_assignment_submissions_m12,resource_events_m10
full_train,325483,312,0.031160559517454445,pft_visits_m12,pft_test_submissions_m09
full_train,325483,313,0.03110606231023816,pft_assignment_submissions_m12,n_resource_days_m11
full_train,325483,314,0.031089032526772975,pft_test_submissions_m09,pft_total_minutes_m11
full_train,325483,315,0.031051355849295526,pft_days_logged_m12,pft_test_submissions_m09
full_train,325483,316,0.030823179924377442,pft_assignment_submissions_m11,n_resource_days_m09
full_train,325483,317,0.03078592224479415,pft_visits_m09,pft_assignment_submissions_m09
full_train,325483,318,0.030653539736038127,pft_assignment_submissions_m09,pft_assignment_submissions_m10
full_train,325483,319,0.030491661700814632,pft_test_submissions_m12,n_resource_days_m10
full_train,325483,320,0.030458683448927992,pft_test_submissions_m12,n_resource_days_m11
full_train,325483,321,0.03023229490272783,pft_test_submissions_m10,n_resource_days_m12
full_train,325483,322,0.03007570993186892,pft_assignment_submissions_m12,pft_total_minutes_m09
full_train,325483,323,0.03005547433529987,pft_test_submissions_m12,n_resource_days_m12
full_train,325483,324,0.029485275093757757,pft_test_submissions_m10,n_resource_days_m09
full_train,325483,325,0.028982380595541812,pft_test_submissions_m11,n_resource_days_m09
full_train,325483,326,0.028849128701574855,pft_test_submissions_m12,resource_events_m09
full_train,325483,327,0.028498882263170877,pft_test_submissions_m09,resource_events_m09
full_train,325483,328,0.02830324073060453,pft_test_submissions_m11,n_resource_days_m12
full_train,325483,329,0.02816571392568079,pft_assignment_submissions_m09,resource_events_m09
full_train,325483,330,0.027878075189462947,pft_test_submissions_m09,pft_total_minutes_m12
full_train,325483,331,0.027539389924790214,pft_assignment_submissions_m09,pft_total_minutes_m09
full_train,325483,332,0.027265201084549773,pft_assignment_submissions_m12,n_resource_days_m10
full_train,325483,333,0.026669742609334968,pft_test_submissions_m09,resource_events_m11
full_train,325483,334,0.02613100463875373,pft_test_submissions_m09,resource_events_m10
full_train,325483,335,0.025835888355865144,pft_days_logged_m09,pft_assignment_submissions_m09
full_train,325483,336,0.025782587579793237,pft_assignment_submissions_m12,resource_events_m09
full_train,325483,337,0.025704980398892907,pft_test_submissions_m09,pft_test_submissions_m12
full_train,325483,338,0.02470280612435083,pft_visits_m10,pft_assignment_submissions_m09
full_train,325483,339,0.02429416957115471,pft_days_logged_m10,pft_assignment_submissions_m09
full_train,325483,340,0.024271078767283072,pft_days_logged_m11,pft_assignment_submissions_m09
full_train,325483,341,0.02374798813879142,pft_test_submissions_m12,n_resource_days_m09
full_train,325483,342,0.02363235556565879,pft_visits_m11,pft_assignment_submissions_m09
full_train,325483,343,0.02271250413106074,pft_assignment_submissions_m09,pft_assignment_submissions_m11
full_train,325483,344,0.022541120164883743,pft_test_submissions_m09,n_resource_days_m10
full_train,325483,345,0.022469452288784275,pft_test_submissions_m09,n_resource_days_m11
full_train,325483,346,0.022024539311887636,pft_test_submissions_m09,resource_events_m12
full_train,325483,347,0.02201499844125454,pft_assignment_submissions_m09,pft_total_minutes_m10
full_train,325483,348,0.02181684313569754,pft_test_submissions_m09,n_resource_days_m09
full_train,325483,349,0.02112757211371008,pft_assignment_submissions_m09,resource_events_m10
full_train,325483,350,0.02011969838130856,pft_days_logged_m12,pft_assignment_submissions_m09
full_train,325483,351,0.020097540565326533,pft_assignment_submissions_m09,pft_total_minutes_m11
full_train,325483,352,0.02007560842719336,pft_visits_m12,pft_assignment_submissions_m09
full_train,325483,353,0.0199955297315082,pft_assignment_submissions_m12,n_resource_days_m09
full_train,325483,354,0.017992419574486718,pft_assignment_submissions_m09,n_resource_days_m09
full_train,325483,355,0.01774780985401403,pft_assignment_submissions_m09,resource_events_m11
full_train,325483,356,0.01773090413125722,pft_assignment_submissions_m09,pft_total_minutes_m12
full_train,325483,357,0.017469901756807182,pft_test_submissions_m09,n_resource_days_m12
full_train,325483,358,0.016295619257770788,pft_assignment_submissions_m09,n_resource_days_m10
full_train,325483,359,0.016087476870663586,pft_assignment_submissions_m09,n_resource_days_m11
full_train,325483,360,0.015219636570735773,pft_assignment_submissions_m09,resource_events_m12
full_train,325483,361,0.01357348649789536,pft_assignment_submissions_m09,pft_assignment_submissions_m12
full_train,325483,362,0.011773769476696394,pft_assignment_submissions_m09,n_resource_days_m12
full_train,325483,363,0.011605548743022887,pft_assignment_submissions_m10,pft_test_submissions_m10
full_train,325483,364,0.01152337671141268,pft_assignment_submissions_m11,pft_test_submissions_m11
full_train,325483,365,0.011297711687952017,pft_assignment_submissions_m11,pft_test_submissions_m10
full_train,325483,366,0.010658695941859975,pft_assignment_submissions_m10,pft_test_submissions_m11
full_train,325483,367,0.010512321655646417,pft_assignment_submissions_m10,pft_test_submissions_m09
full_train,325483,368,0.009222912109163595,pft_assignment_submissions_m10,pft_test_submissions_m12
full_train,325483,369,0.008562332177803889,pft_assignment_submissions_m11,pft_test_submissions_m09
full_train,325483,370,0.008378775905658387,pft_assignment_submissions_m11,pft_test_submissions_m12
full_train,325483,371,0.00816247180317653,pft_assignment_submissions_m12,pft_test_submissions_m12
full_train,325483,372,0.0075702515233011525,pft_assignment_submissions_m12,pft_test_submissions_m10
full_train,325483,373,0.005975396255072596,pft_assignment_submissions_m12,pft_test_submissions_m09
full_train,325483,374,0.005915518427551447,pft_assignment_submissions_m12,pft_test_submissions_m11
full_train,325483,375,0.004902081476290121,pft_assignment_submissions_m09,pft_test_submissions_m09
full_train,325483,376,0.004879586495826871,dedicacion,n_resource_days_m11
full_train,325483,377,0.00486435491162851,dedicacion,resource_events_m11
full_train,325483,378,0.004608024229522556,pft_assignment_submissions_m09,pft_test_submissions_m10
full_train,325483,379,0.004431123636818413,pft_assignment_submissions_m09,pft_test_submissions_m12
full_train,325483,380,0.004397240435563887,dedicacion,pft_total_minutes_m12
full_train,325483,381,0.004388837022280434,pft_assignment_submissions_m09,pft_test_submissions_m11
full_train,325483,382,0.004328727223976259,dedicacion,resource_events_m09
full_train,325483,383,0.0041847602816815765,dedicacion,pft_total_minutes_m11
full_train,325483,384,0.0038691016456953164,dedicacion,pft_days_logged_m11
full_train,325483,385,0.003854239143541882,dedicacion,pft_days_logged_m12
full_train,325483,386,0.0038009627815327462,dedicacion,resource_events_m10
full_train,325483,387,0.003721514299570572,dedicacion,n_resource_days_m10
full_train,325483,388,0.0035495708379249535,dedicacion,pft_assignment_submissions_m10
full_train,325483,389,0.003474999235415055,dedicacion,pft_assignment_submissions_m11
full_train,325483,390,0.003415009530456814,dedicacion,pft_total_minutes_m10
full_train,325483,391,0.0032779131843136966,dedicacion,pft_days_logged_m10
full_train,325483,392,0.0029890336666573702,dedicacion,n_resource_days_m12
full_train,325483,393,0.002825000279758072,dedicacion,resource_events_m12
full_train,325483,394,0.002753990541351392,dedicacion,pft_test_submissions_m12
full_train,325483,395,0.002649708661108363,dedicacion,pft_test_submissions_m09
full_train,325483,396,0.0026302923635244113,dedicacion,pft_total_minutes_m09
full_train,325483,397,0.002526050977967209,dedicacion,pft_visits_m11
full_train,325483,398,0.0023485843816768437,dedicacion,n_resource_days_m09
full_train,325483,399,0.0023233544583893817,dedicacion,pft_assignment_submissions_m09
full_train,325483,400,0.0018357498203220857,dedicacion,pft_assignment_submissions_m12
full_train,325483,401,0.0014983824134269241,dedicacion,pft_test_submissions_m10
full_train,325483,402,0.0013856406427272816,dedicacion,pft_visits_m09
full_train,325483,403,0.0012082332637293192,dedicacion,pft_visits_m10
full_train,325483,404,0.0010773994088122407,dedicacion,pft_test_submissions_m11
full_train,325483,405,0.001043695066386796,dedicacion,pft_visits_m12
full_train,325483,406,0.00016739546470212474,dedicacion,pft_days_logged_m09
